2025-05-19 16:09:29,076 6772 INFO ? odoo: Odoo version 18.0 
2025-05-19 16:09:29,076 6772 INFO ? odoo: Using configuration file at C:\workspace\odoo\odoo.conf 
2025-05-19 16:09:29,076 6772 INFO ? odoo: addons paths: ['C:\\workspace\\odoo\\odoo\\addons', 'c:\\users\\sharo\\appdata\\local\\openerp s.a\\odoo\\addons\\18.0', 'c:\\workspace\\odoo\\addons', 'c:\\workspace\\odoo\\custom_addons\\accountant', 'c:\\workspace\\odoo\\odoo\\addons'] 
2025-05-19 16:09:29,076 6772 INFO ? odoo: database: moshe@localhost:5432 
2025-05-19 16:09:29,212 6772 INFO ? odoo.addons.base.models.ir_actions_report: Will use the Wkhtmltopdf binary at C:\Program Files\wkhtmltopdf\bin\wkhtmltopdf.exe 
2025-05-19 16:09:29,239 6772 INFO ? odoo.addons.base.models.ir_actions_report: Will use the Wkhtmltoimage binary at C:\Program Files\wkhtmltopdf\bin\wkhtmltoimage.exe 
2025-05-19 16:09:29,473 6772 INFO ? odoo.service.server: HTTP service (werkzeug) running on moshes.lan:8069 
2025-05-19 16:09:29,521 6772 INFO minga-demo odoo.modules.loading: loading 1 modules... 
2025-05-19 16:09:29,521 6772 INFO minga-demo odoo.modules.loading: 1 modules loaded in 0.00s, 0 queries (+0 extra) 
2025-05-19 16:09:29,534 6772 INFO minga-demo odoo.modules.loading: updating modules list 
2025-05-19 16:09:29,534 6772 INFO minga-demo odoo.addons.base.models.ir_module: ALLOW access to module.update_list on [] to user __system__ #1 via n/a 
2025-05-19 16:09:30,326 6772 WARNING minga-demo odoo.modules.graph: module l10n_il_origen: not installable, skipped 
2025-05-19 16:09:30,326 6772 INFO minga-demo odoo.modules.loading: loading 71 modules... 
2025-05-19 16:09:30,788 6772 WARNING minga-demo py.warnings: C:\workspace\odoo\odoo\api.py:482: DeprecationWarning: The model odoo.addons.l10n_il_invoicing.models.il_vat_report is not overriding the create method in batch
  File "C:\workspace\odoo\odoo-bin", line 8, in <module>
    odoo.cli.main()
  File "C:\workspace\odoo\odoo\cli\command.py", line 66, in main
    o.run(args)
  File "C:\workspace\odoo\odoo\cli\server.py", line 182, in run
    main(args)
  File "C:\workspace\odoo\odoo\cli\server.py", line 175, in main
    rc = odoo.service.server.start(preload=preload, stop=stop)
  File "C:\workspace\odoo\odoo\service\server.py", line 1424, in start
    rc = server.run(preload, stop)
  File "C:\workspace\odoo\odoo\service\server.py", line 589, in run
    rc = preload_registries(preload)
  File "C:\workspace\odoo\odoo\service\server.py", line 1328, in preload_registries
    registry = Registry.new(dbname, update_module=update_module)
  File "C:\workspace\odoo\venv\Lib\site-packages\decorator.py", line 232, in fun
    return caller(func, *(extras + args), **kw)
  File "C:\workspace\odoo\odoo\tools\func.py", line 97, in locked
    return func(inst, *args, **kwargs)
  File "C:\workspace\odoo\odoo\modules\registry.py", line 127, in new
    odoo.modules.load_modules(registry, force_demo, status, update_module)
  File "C:\workspace\odoo\odoo\modules\loading.py", line 480, in load_modules
    processed_modules += load_marked_modules(env, graph,
  File "C:\workspace\odoo\odoo\modules\loading.py", line 365, in load_marked_modules
    loaded, processed = load_module_graph(
  File "C:\workspace\odoo\odoo\modules\loading.py", line 186, in load_module_graph
    load_openerp_module(package.name)
  File "C:\workspace\odoo\odoo\modules\module.py", line 384, in load_openerp_module
    __import__(qualname)
  File "c:\workspace\odoo\addons\l10n_il_invoicing\__init__.py", line 1, in <module>
    from . import models
  File "c:\workspace\odoo\addons\l10n_il_invoicing\models\__init__.py", line 3, in <module>
    from . import il_vat_report
  File "c:\workspace\odoo\addons\l10n_il_invoicing\models\il_vat_report.py", line 14, in <module>
    class IsraeliVatReport(models.Model):
  File "c:\workspace\odoo\addons\l10n_il_invoicing\models\il_vat_report.py", line 48, in IsraeliVatReport
    @api.model
  File "C:\workspace\odoo\odoo\api.py", line 429, in model
    return model_create_single(method)
  File "C:\workspace\odoo\odoo\api.py", line 482, in model_create_single
    warnings.warn(
 
2025-05-19 16:09:30,799 6772 WARNING minga-demo odoo.tools.translate: no translation language detected, skipping translation <frame at 0x000001E6BCCA8040, file 'c:\\workspace\\odoo\\custom_addons\\accountant\\om_account_followup\\wizard\\followup_print.py', line 34, code FollowupPrint> 
Stack (most recent call last):
  File "C:\workspace\odoo\odoo-bin", line 8, in <module>
    odoo.cli.main()
  File "C:\workspace\odoo\odoo\cli\command.py", line 66, in main
    o.run(args)
  File "C:\workspace\odoo\odoo\cli\server.py", line 182, in run
    main(args)
  File "C:\workspace\odoo\odoo\cli\server.py", line 175, in main
    rc = odoo.service.server.start(preload=preload, stop=stop)
  File "C:\workspace\odoo\odoo\service\server.py", line 1424, in start
    rc = server.run(preload, stop)
  File "C:\workspace\odoo\odoo\service\server.py", line 589, in run
    rc = preload_registries(preload)
  File "C:\workspace\odoo\odoo\service\server.py", line 1328, in preload_registries
    registry = Registry.new(dbname, update_module=update_module)
  File "C:\workspace\odoo\venv\Lib\site-packages\decorator.py", line 232, in fun
    return caller(func, *(extras + args), **kw)
  File "C:\workspace\odoo\odoo\tools\func.py", line 97, in locked
    return func(inst, *args, **kwargs)
  File "C:\workspace\odoo\odoo\modules\registry.py", line 127, in new
    odoo.modules.load_modules(registry, force_demo, status, update_module)
  File "C:\workspace\odoo\odoo\modules\loading.py", line 480, in load_modules
    processed_modules += load_marked_modules(env, graph,
  File "C:\workspace\odoo\odoo\modules\loading.py", line 365, in load_marked_modules
    loaded, processed = load_module_graph(
  File "C:\workspace\odoo\odoo\modules\loading.py", line 186, in load_module_graph
    load_openerp_module(package.name)
  File "C:\workspace\odoo\odoo\modules\module.py", line 384, in load_openerp_module
    __import__(qualname)
  File "<frozen importlib._bootstrap>", line 1360, in _find_and_load
  File "<frozen importlib._bootstrap>", line 1331, in _find_and_load_unlocked
  File "<frozen importlib._bootstrap>", line 935, in _load_unlocked
  File "<frozen importlib._bootstrap_external>", line 995, in exec_module
  File "<frozen importlib._bootstrap>", line 488, in _call_with_frames_removed
  File "c:\workspace\odoo\custom_addons\accountant\om_account_followup\__init__.py", line 1, in <module>
    from . import wizard
  File "<frozen importlib._bootstrap>", line 1415, in _handle_fromlist
  File "<frozen importlib._bootstrap>", line 488, in _call_with_frames_removed
  File "<frozen importlib._bootstrap>", line 1360, in _find_and_load
  File "<frozen importlib._bootstrap>", line 1331, in _find_and_load_unlocked
  File "<frozen importlib._bootstrap>", line 935, in _load_unlocked
  File "<frozen importlib._bootstrap_external>", line 995, in exec_module
  File "<frozen importlib._bootstrap>", line 488, in _call_with_frames_removed
  File "c:\workspace\odoo\custom_addons\accountant\om_account_followup\wizard\__init__.py", line 1, in <module>
    from . import followup_print
  File "<frozen importlib._bootstrap>", line 1415, in _handle_fromlist
  File "<frozen importlib._bootstrap>", line 488, in _call_with_frames_removed
  File "<frozen importlib._bootstrap>", line 1360, in _find_and_load
  File "<frozen importlib._bootstrap>", line 1331, in _find_and_load_unlocked
  File "<frozen importlib._bootstrap>", line 935, in _load_unlocked
  File "<frozen importlib._bootstrap_external>", line 995, in exec_module
  File "<frozen importlib._bootstrap>", line 488, in _call_with_frames_removed
  File "c:\workspace\odoo\custom_addons\accountant\om_account_followup\wizard\followup_print.py", line 7, in <module>
    class FollowupPrint(models.TransientModel):
  File "c:\workspace\odoo\custom_addons\accountant\om_account_followup\wizard\followup_print.py", line 34, in FollowupPrint
    default=_('Invoices Reminder'))
  File "C:\workspace\odoo\odoo\tools\translate.py", line 607, in get_text_alias
    module, lang = _get_translation_source(1)
  File "C:\workspace\odoo\odoo\tools\translate.py", line 596, in _get_translation_source
    lang = lang or _get_lang(frame, default_lang)
  File "C:\workspace\odoo\odoo\tools\translate.py", line 587, in _get_lang
    _logger.log(log_level, 'no translation language detected, skipping translation %s', frame, stack_info=True)
2025-05-19 16:09:30,818 6772 INFO minga-demo odoo.modules.loading: 71 modules loaded in 0.49s, 0 queries (+0 extra) 
2025-05-19 16:09:30,934 6772 ERROR minga-demo odoo.modules.loading: Some modules are not loaded, some dependencies or manifest may be missing: ['l10n_il_origen'] 
2025-05-19 16:09:31,495 6772 INFO minga-demo odoo.modules.loading: Modules loaded. 
2025-05-19 16:09:31,511 6772 INFO minga-demo odoo.modules.registry: Registry changed, signaling through the database 
2025-05-19 16:09:31,511 6772 INFO minga-demo odoo.modules.registry: Registry loaded in 2.035s 
2025-05-19 16:09:38,634 6772 INFO minga-demo odoo.addons.base.models.ir_http: Generating routing map for key None 
2025-05-19 16:09:42,394 6772 INFO minga-demo werkzeug: 127.0.0.1 - - [19/May/2025 16:09:42] "GET /odoo/action-419/54 HTTP/1.1" 200 - 95 0.077 3.758
2025-05-19 16:09:42,486 6772 INFO minga-demo werkzeug: 127.0.0.1 - - [19/May/2025 16:09:42] "GET /web/assets/47b123b/web.assets_web.rtl.min.css HTTP/1.1" 200 - 3 0.006 0.062
2025-05-19 16:09:42,488 6772 INFO minga-demo werkzeug: 127.0.0.1 - - [19/May/2025 16:09:42] "GET /web/assets/73d0ea8/web.assets_web.min.js HTTP/1.1" 200 - 3 0.004 0.065
2025-05-19 16:09:42,968 6772 INFO minga-demo werkzeug: 127.0.0.1 - - [19/May/2025 16:09:42] "GET /web/webclient/translations/3cbb566b6f7680a2c751a637f62a9dca10bc2efe?lang=he_IL HTTP/1.1" 200 - 1 0.001 0.076
2025-05-19 16:09:42,988 6772 INFO minga-demo werkzeug: 127.0.0.1 - - [19/May/2025 16:09:42] "GET /web/webclient/translations/3cbb566b6f7680a2c751a637f62a9dca10bc2efe?lang=he_IL HTTP/1.1" 200 - 1 0.009 0.085
2025-05-19 16:09:43,009 6772 INFO minga-demo werkzeug: 127.0.0.1 - - [19/May/2025 16:09:43] "GET /web/assets/a1de8f0/web.assets_web_print.rtl.min.css HTTP/1.1" 200 - 3 0.001 0.009
2025-05-19 16:09:43,056 6772 INFO minga-demo werkzeug: 127.0.0.1 - - [19/May/2025 16:09:43] "GET /web/webclient/load_menus/359a645900219e9892110480a1f4130fec6f612edb5ae263e53d190171c48448 HTTP/1.1" 200 - 109 0.092 0.072
2025-05-19 16:09:43,151 6772 INFO ? werkzeug: 127.0.0.1 - - [19/May/2025 16:09:43] "GET /web/static/lib/odoo_ui_icons/fonts/odoo_ui_icons.woff2 HTTP/1.1" 200 - 0 0.000 0.003
2025-05-19 16:09:43,306 6772 INFO ? werkzeug: 127.0.0.1 - - [19/May/2025 16:09:43] "GET /web/static/src/libs/fontawesome/fonts/fontawesome-webfont.woff2?v=4.7.0 HTTP/1.1" 200 - 0 0.000 0.002
2025-05-19 16:09:43,356 6772 INFO ? werkzeug: 127.0.0.1 - - [19/May/2025 16:09:43] "GET /web/static/img/favicon.ico HTTP/1.1" 200 - 0 0.000 0.007
2025-05-19 16:09:43,366 6772 INFO minga-demo werkzeug: 127.0.0.1 - - [19/May/2025 16:09:43] "POST /mail/data HTTP/1.1" 200 - 34 0.034 0.021
2025-05-19 16:09:43,372 6772 INFO minga-demo werkzeug: 127.0.0.1 - - [19/May/2025 16:09:43] "POST /web/dataset/call_kw/mail.push.device/register_devices HTTP/1.1" 200 - 7 0.011 0.010
2025-05-19 16:09:43,414 6772 INFO minga-demo werkzeug: 127.0.0.1 - - [19/May/2025 16:09:43] "POST /web/action/load HTTP/1.1" 200 - 10 0.008 0.008
2025-05-19 16:09:43,515 6772 INFO minga-demo werkzeug: 127.0.0.1 - - [19/May/2025 16:09:43] "POST /web/dataset/call_kw/l10n.il.vat.report/get_views HTTP/1.1" 200 - 34 0.025 0.031
2025-05-19 16:09:43,640 6772 INFO minga-demo werkzeug: 127.0.0.1 - - [19/May/2025 16:09:43] "POST /web/dataset/call_kw/l10n.il.vat.report/web_read HTTP/1.1" 200 - 11 0.009 0.015
2025-05-19 16:09:43,673 6772 INFO minga-demo werkzeug: 127.0.0.1 - - [19/May/2025 16:09:43] "GET /web/manifest.webmanifest HTTP/1.1" 200 - 9 0.002 0.008
2025-05-19 16:09:43,702 6772 INFO minga-demo werkzeug: 127.0.0.1 - - [19/May/2025 16:09:43] "GET /web/image?model=res.users&field=avatar_128&id=12 HTTP/1.1" 200 - 16 0.011 0.016
2025-05-19 16:09:43,745 6772 INFO minga-demo werkzeug: 127.0.0.1 - - [19/May/2025 16:09:43] "GET /web/image/res.partner/58/avatar_128?unique=1746364936000 HTTP/1.1" 200 - 8 0.005 0.014
2025-05-19 16:09:43,846 6772 INFO minga-demo werkzeug: 127.0.0.1 - - [19/May/2025 16:09:43] "GET /bus/websocket_worker_bundle?v=18.0-4 HTTP/1.1" 304 - 4 0.002 0.008
2025-05-19 16:09:44,189 6772 INFO minga-demo werkzeug: 127.0.0.1 - - [19/May/2025 16:09:44] "GET /websocket?version=18.0-4 HTTP/1.1" 101 - 1 0.001 0.009
2025-05-19 16:09:44,529 6772 INFO ? odoo.addons.bus.models.bus: Bus.loop listen imbus on db postgres 
2025-05-19 16:09:46,723 6772 INFO minga-demo werkzeug: 127.0.0.1 - - [19/May/2025 16:09:46] "POST /web/dataset/call_kw/l10n.il.vat.report/onchange HTTP/1.1" 200 - 2 0.002 0.008
2025-05-19 16:09:59,569 6772 INFO minga-demo werkzeug: 127.0.0.1 - - [19/May/2025 16:09:59] "POST /web/dataset/call_kw/l10n.il.vat.report/onchange HTTP/1.1" 200 - 1 0.002 0.004
2025-05-19 16:10:07,436 6772 INFO minga-demo werkzeug: 127.0.0.1 - - [19/May/2025 16:10:07] "POST /web/dataset/call_kw/l10n.il.vat.report/web_save HTTP/1.1" 200 - 7 0.008 0.013
2025-05-19 16:10:07,681 6772 INFO minga-demo odoo.addons.l10n_il_invoicing.models.il_vat_report: Found 2 moves for VAT report calculation 
2025-05-19 16:10:07,728 6772 INFO minga-demo werkzeug: 127.0.0.1 - - [19/May/2025 16:10:07] "POST /web/dataset/call_button/l10n.il.vat.report/action_calculate HTTP/1.1" 200 - 32 0.032 0.029
2025-05-19 16:10:07,770 6772 INFO minga-demo werkzeug: 127.0.0.1 - - [19/May/2025 16:10:07] "POST /web/dataset/call_kw/l10n.il.vat.report/web_read HTTP/1.1" 200 - 8 0.002 0.012
2025-05-19 16:10:08,352 6772 INFO minga-demo odoo.addons.l10n_il_invoicing.models.il_vat_report: Formatted company VAT: '055022362' 
2025-05-19 16:10:08,353 6772 INFO minga-demo odoo.addons.l10n_il_invoicing.models.il_vat_report: Generated header line (length: 151): O055022362202504120250519+00000014700+000002646+00000000000+000000000+00000000000+00000000000+00000000000+000230000+00000000000+00000000002+00000006786 
2025-05-19 16:10:08,367 6772 INFO minga-demo odoo.addons.l10n_il_invoicing.models.il_vat_report: Sales record: 'S00000000025050400000000010000000014700+00000026460000000000' (length: 60) 
2025-05-19 16:10:08,368 6772 INFO minga-demo odoo.addons.l10n_il_invoicing.models.il_vat_report: Purchase record: '000000000025050400000000010000000230000-00000414000000000000' (length: 60) 
2025-05-19 16:10:08,368 6772 INFO minga-demo odoo.addons.l10n_il_invoicing.models.il_vat_report: ===== FINAL OUTPUT ===== 
2025-05-19 16:10:08,368 6772 INFO minga-demo odoo.addons.l10n_il_invoicing.models.il_vat_report: O055022362202504120250519+00000014700+000002646+00000000000+000000000+00000000000+00000000000+00000000000+000230000+00000000000+00000000002+00000006786 
2025-05-19 16:10:08,368 6772 INFO minga-demo odoo.addons.l10n_il_invoicing.models.il_vat_report: S00000000025050400000000010000000014700+00000026460000000000 
2025-05-19 16:10:08,368 6772 INFO minga-demo odoo.addons.l10n_il_invoicing.models.il_vat_report: 000000000025050400000000010000000230000-00000414000000000000 
2025-05-19 16:10:08,368 6772 INFO minga-demo odoo.addons.l10n_il_invoicing.models.il_vat_report: X055022362 
2025-05-19 16:10:08,368 6772 INFO minga-demo odoo.addons.l10n_il_invoicing.models.il_vat_report: ======================== 
2025-05-19 16:10:08,386 6772 INFO minga-demo werkzeug: 127.0.0.1 - - [19/May/2025 16:10:08] "POST /web/dataset/call_button/l10n.il.vat.report/action_generate_file HTTP/1.1" 200 - 19 0.015 0.030
2025-05-19 16:10:12,983 6772 INFO minga-demo werkzeug: 127.0.0.1 - - [19/May/2025 16:10:12] "POST /web/dataset/call_kw/l10n.il.vat.report/web_search_read HTTP/1.1" 200 - 2 0.001 0.007
2025-05-19 16:10:13,071 6772 INFO minga-demo werkzeug: 127.0.0.1 - - [19/May/2025 16:10:13] "POST /web/dataset/call_kw/res.users/has_group HTTP/1.1" 200 - 1 0.001 0.003
2025-05-19 16:10:14,999 6772 INFO minga-demo werkzeug: 127.0.0.1 - - [19/May/2025 16:10:14] "POST /web/dataset/call_kw/l10n.il.vat.report/web_read HTTP/1.1" 200 - 9 0.014 0.018
2025-05-19 16:10:18,517 6772 INFO minga-demo werkzeug: 127.0.0.1 - - [19/May/2025 16:10:18] "POST /web/dataset/call_kw/l10n.il.vat.report/web_search_read HTTP/1.1" 200 - 2 0.002 0.006
2025-05-19 16:10:32,014 6772 INFO minga-demo odoo.models.unlink: User #12 deleted ir.attachment records with IDs: [968, 985, 986, 987, 988, 989, 990, 991, 992, 993, 994, 995, 996, 997] 
2025-05-19 16:10:32,022 6772 INFO minga-demo odoo.models.unlink: User #12 deleted l10n.il.vat.report records with IDs: [36, 39, 40, 41, 42, 43, 44, 45, 46, 47, 48, 49, 50, 51, 52, 53, 17, 38, 37] 
2025-05-19 16:10:32,023 6772 INFO minga-demo werkzeug: 127.0.0.1 - - [19/May/2025 16:10:32] "POST /web/dataset/call_kw/l10n.il.vat.report/unlink HTTP/1.1" 200 - 11 0.020 0.021
2025-05-19 16:10:32,349 6772 INFO minga-demo werkzeug: 127.0.0.1 - - [19/May/2025 16:10:32] "POST /web/dataset/call_kw/l10n.il.vat.report/web_search_read HTTP/1.1" 200 - 2 0.001 0.006
2025-05-19 16:10:34,381 6772 INFO minga-demo werkzeug: 127.0.0.1 - - [19/May/2025 16:10:34] "POST /web/dataset/call_kw/l10n.il.vat.report/web_read HTTP/1.1" 200 - 9 0.008 0.011
2025-05-19 16:10:36,259 6772 WARNING minga-demo odoo.http: <function odoo.addons.web.controllers.binary.content_common> called ignoring args {'token', 'data'} 
2025-05-19 16:10:36,265 6772 INFO minga-demo werkzeug: 127.0.0.1 - - [19/May/2025 16:10:36] "POST /web/content HTTP/1.1" 200 - 5 0.005 0.008
2025-05-19 16:53:28,839 6772 INFO minga-demo odoo.addons.base.models.ir_cron: Job 'Notification: Notify scheduled messages' (8) starting 
2025-05-19 16:53:28,840 6772 INFO minga-demo odoo.addons.base.models.ir_cron: Job 'SMS: SMS Queue Manager' (14) starting 
2025-05-19 16:53:28,848 6772 INFO minga-demo odoo.addons.base.models.ir_cron: Job 'Notification: Notify scheduled messages' (8) done in 0.009s 
2025-05-19 16:53:28,850 6772 INFO minga-demo odoo.addons.base.models.ir_cron: Job 'SMS: SMS Queue Manager' (14) done in 0.009s 
2025-05-19 16:53:28,852 6772 INFO minga-demo odoo.addons.base.models.ir_cron: Job 'Notification: Notify scheduled messages' (8) processed 0 records, 0 records remaining 
2025-05-19 16:53:28,855 6772 INFO minga-demo odoo.addons.base.models.ir_cron: Job 'SMS: SMS Queue Manager' (14) processed 0 records, 0 records remaining 
2025-05-19 16:53:28,862 6772 INFO minga-demo odoo.addons.base.models.ir_cron: Job 'Notification: Notify scheduled messages' (8) completed 
2025-05-19 16:53:28,865 6772 INFO minga-demo odoo.addons.base.models.ir_cron: Job 'SMS: SMS Queue Manager' (14) completed 
2025-05-19 16:53:28,875 6772 INFO minga-demo odoo.addons.base.models.ir_cron: Job 'Snailmail: process letters queue' (15) starting 
2025-05-19 16:53:28,877 6772 INFO minga-demo odoo.addons.base.models.ir_cron: Job 'CRM: enrich leads (IAP)' (25) starting 
2025-05-19 16:53:28,884 6772 INFO minga-demo odoo.addons.base.models.ir_cron: Job 'Snailmail: process letters queue' (15) done in 0.009s 
2025-05-19 16:53:28,887 6772 INFO minga-demo odoo.addons.base.models.ir_cron: Job 'CRM: enrich leads (IAP)' (25) done in 0.010s 
2025-05-19 16:53:28,888 6772 INFO minga-demo odoo.addons.base.models.ir_cron: Job 'Snailmail: process letters queue' (15) processed 0 records, 0 records remaining 
2025-05-19 16:53:28,891 6772 INFO minga-demo odoo.addons.base.models.ir_cron: Job 'CRM: enrich leads (IAP)' (25) processed 0 records, 0 records remaining 
2025-05-19 16:53:28,893 6772 INFO minga-demo odoo.addons.base.models.ir_cron: Job 'Snailmail: process letters queue' (15) completed 
2025-05-19 16:53:28,895 6772 INFO minga-demo odoo.addons.base.models.ir_cron: Job 'CRM: enrich leads (IAP)' (25) completed 
2025-05-19 16:53:28,905 6772 INFO minga-demo odoo.addons.base.models.ir_cron: Job 'Mail: Email Queue Manager' (3) starting 
2025-05-19 16:53:28,906 6772 INFO minga-demo odoo.addons.base.models.ir_cron: Job 'Partner Autocomplete: Sync with remote DB' (13) starting 
2025-05-19 16:53:28,910 6772 INFO minga-demo odoo.addons.base.models.ir_cron: Job 'Partner Autocomplete: Sync with remote DB' (13) done in 0.004s 
2025-05-19 16:53:28,914 6772 INFO minga-demo odoo.addons.base.models.ir_cron: Job 'Partner Autocomplete: Sync with remote DB' (13) processed 0 records, 0 records remaining 
2025-05-19 16:53:28,915 6772 INFO minga-demo odoo.addons.base.models.ir_cron: Job 'Mail: Email Queue Manager' (3) done in 0.009s 
2025-05-19 16:53:28,918 6772 INFO minga-demo odoo.addons.base.models.ir_cron: Job 'Partner Autocomplete: Sync with remote DB' (13) completed 
2025-05-19 16:53:28,919 6772 INFO minga-demo odoo.addons.base.models.ir_cron: Job 'Mail: Email Queue Manager' (3) processed 0 records, 0 records remaining 
2025-05-19 16:53:28,923 6772 INFO minga-demo odoo.addons.base.models.ir_cron: Job 'Mail: Email Queue Manager' (3) completed 
2025-05-19 16:53:31,994 6772 INFO minga-demo werkzeug: 127.0.0.1 - - [19/May/2025 16:53:31] "GET /websocket?version=18.0-4 HTTP/1.1" 101 - 1 0.000 0.000
2025-05-19 16:53:32,317 6772 INFO minga-demo werkzeug: 127.0.0.1 - - [19/May/2025 16:53:32] "POST /bus/has_missed_notifications HTTP/1.1" 200 - 2 0.002 0.003
2025-05-19 17:31:06,794 6772 INFO minga-demo odoo.addons.base.models.ir_cron: Job 'CRM: enrich leads (IAP)' (25) starting 
2025-05-19 17:31:06,807 6772 INFO minga-demo odoo.addons.base.models.ir_cron: Job 'CRM: enrich leads (IAP)' (25) done in 0.011s 
2025-05-19 17:31:06,813 6772 INFO minga-demo odoo.addons.base.models.ir_cron: Job 'CRM: enrich leads (IAP)' (25) processed 0 records, 0 records remaining 
2025-05-19 17:31:06,821 6772 INFO minga-demo odoo.addons.base.models.ir_cron: Job 'CRM: enrich leads (IAP)' (25) completed 
2025-05-19 17:46:22,282 6772 INFO minga-demo odoo.addons.base.models.ir_cron: Job 'Notification: Notify scheduled messages' (8) starting 
2025-05-19 17:46:22,290 6772 INFO minga-demo odoo.addons.base.models.ir_cron: Job 'Notification: Notify scheduled messages' (8) done in 0.008s 
2025-05-19 17:46:22,296 6772 INFO minga-demo odoo.addons.base.models.ir_cron: Job 'Notification: Notify scheduled messages' (8) processed 0 records, 0 records remaining 
2025-05-19 17:46:22,300 6772 INFO minga-demo odoo.addons.base.models.ir_cron: Job 'Notification: Notify scheduled messages' (8) completed 
2025-05-19 17:46:22,311 6772 INFO minga-demo odoo.addons.base.models.ir_cron: Job 'Mail: Email Queue Manager' (3) starting 
2025-05-19 17:46:22,319 6772 INFO minga-demo odoo.addons.base.models.ir_cron: Job 'Mail: Email Queue Manager' (3) done in 0.009s 
2025-05-19 17:46:22,323 6772 INFO minga-demo odoo.addons.base.models.ir_cron: Job 'Mail: Email Queue Manager' (3) processed 0 records, 0 records remaining 
2025-05-19 17:46:22,328 6772 INFO minga-demo odoo.addons.base.models.ir_cron: Job 'Mail: Email Queue Manager' (3) completed 
2025-05-19 17:46:29,472 6772 INFO minga-demo odoo.addons.base.models.ir_cron: Job 'Partner Autocomplete: Sync with remote DB' (13) starting 
2025-05-19 17:46:29,478 6772 INFO minga-demo odoo.addons.base.models.ir_cron: Job 'Partner Autocomplete: Sync with remote DB' (13) done in 0.004s 
2025-05-19 17:46:29,482 6772 INFO minga-demo odoo.addons.base.models.ir_cron: Job 'Partner Autocomplete: Sync with remote DB' (13) processed 0 records, 0 records remaining 
2025-05-19 17:46:29,489 6772 INFO minga-demo odoo.addons.base.models.ir_cron: Job 'Partner Autocomplete: Sync with remote DB' (13) completed 
2025-05-19 17:47:23,364 6772 INFO minga-demo odoo.addons.base.models.ir_cron: Job 'SMS: SMS Queue Manager' (14) starting 
2025-05-19 17:47:23,370 6772 INFO minga-demo odoo.addons.base.models.ir_cron: Job 'SMS: SMS Queue Manager' (14) done in 0.005s 
2025-05-19 17:47:23,374 6772 INFO minga-demo odoo.addons.base.models.ir_cron: Job 'SMS: SMS Queue Manager' (14) processed 0 records, 0 records remaining 
2025-05-19 17:47:23,378 6772 INFO minga-demo odoo.addons.base.models.ir_cron: Job 'SMS: SMS Queue Manager' (14) completed 
2025-05-19 17:47:23,388 6772 INFO minga-demo odoo.addons.base.models.ir_cron: Job 'Snailmail: process letters queue' (15) starting 
2025-05-19 17:47:23,392 6772 INFO minga-demo odoo.addons.base.models.ir_cron: Job 'Snailmail: process letters queue' (15) done in 0.005s 
2025-05-19 17:47:23,396 6772 INFO minga-demo odoo.addons.base.models.ir_cron: Job 'Snailmail: process letters queue' (15) processed 0 records, 0 records remaining 
2025-05-19 17:47:23,400 6772 INFO minga-demo odoo.addons.base.models.ir_cron: Job 'Snailmail: process letters queue' (15) completed 
2025-05-19 17:49:07,942 6772 INFO minga-demo odoo.service.server: Initiating shutdown 
2025-05-19 17:49:07,942 6772 INFO minga-demo odoo.service.server: Hit CTRL-C again or send a second signal to force the shutdown. 
2025-05-19 17:49:08,291 6772 INFO minga-demo odoo.sql_db: ConnectionPool(read/write;used=0/count=0/max=64): Closed 5 connections  
2025-05-19 17:49:12,831 35508 INFO ? odoo: Odoo version 18.0 
2025-05-19 17:49:12,831 35508 INFO ? odoo: Using configuration file at C:\workspace\odoo\odoo.conf 
2025-05-19 17:49:12,831 35508 INFO ? odoo: addons paths: ['C:\\workspace\\odoo\\odoo\\addons', 'c:\\users\\sharo\\appdata\\local\\openerp s.a\\odoo\\addons\\18.0', 'c:\\workspace\\odoo\\addons', 'c:\\workspace\\odoo\\custom_addons\\accountant', 'c:\\workspace\\odoo\\odoo\\addons'] 
2025-05-19 17:49:12,831 35508 INFO ? odoo: database: moshe@localhost:5432 
2025-05-19 17:49:12,994 35508 INFO ? odoo.addons.base.models.ir_actions_report: Will use the Wkhtmltopdf binary at C:\Program Files\wkhtmltopdf\bin\wkhtmltopdf.exe 
2025-05-19 17:49:13,025 35508 INFO ? odoo.addons.base.models.ir_actions_report: Will use the Wkhtmltoimage binary at C:\Program Files\wkhtmltopdf\bin\wkhtmltoimage.exe 
2025-05-19 17:49:13,527 35508 INFO ? odoo.service.server: HTTP service (werkzeug) running on moshes.lan:8069 
2025-05-19 17:49:13,592 35508 INFO minga-demo odoo.modules.loading: loading 1 modules... 
2025-05-19 17:49:13,596 35508 INFO minga-demo odoo.modules.loading: 1 modules loaded in 0.00s, 0 queries (+0 extra) 
2025-05-19 17:49:13,617 35508 INFO minga-demo odoo.modules.loading: updating modules list 
2025-05-19 17:49:13,617 35508 INFO minga-demo odoo.addons.base.models.ir_module: ALLOW access to module.update_list on [] to user __system__ #1 via n/a 
2025-05-19 17:49:14,682 35508 WARNING minga-demo odoo.modules.graph: module l10n_il_origen: not installable, skipped 
2025-05-19 17:49:14,687 35508 INFO minga-demo odoo.modules.loading: loading 71 modules... 
2025-05-19 17:49:15,292 35508 WARNING minga-demo py.warnings: C:\workspace\odoo\odoo\api.py:482: DeprecationWarning: The model odoo.addons.l10n_il_invoicing.models.il_vat_report is not overriding the create method in batch
  File "C:\workspace\odoo\odoo-bin", line 8, in <module>
    odoo.cli.main()
  File "C:\workspace\odoo\odoo\cli\command.py", line 66, in main
    o.run(args)
  File "C:\workspace\odoo\odoo\cli\server.py", line 182, in run
    main(args)
  File "C:\workspace\odoo\odoo\cli\server.py", line 175, in main
    rc = odoo.service.server.start(preload=preload, stop=stop)
  File "C:\workspace\odoo\odoo\service\server.py", line 1424, in start
    rc = server.run(preload, stop)
  File "C:\workspace\odoo\odoo\service\server.py", line 589, in run
    rc = preload_registries(preload)
  File "C:\workspace\odoo\odoo\service\server.py", line 1328, in preload_registries
    registry = Registry.new(dbname, update_module=update_module)
  File "C:\workspace\odoo\venv\Lib\site-packages\decorator.py", line 232, in fun
    return caller(func, *(extras + args), **kw)
  File "C:\workspace\odoo\odoo\tools\func.py", line 97, in locked
    return func(inst, *args, **kwargs)
  File "C:\workspace\odoo\odoo\modules\registry.py", line 127, in new
    odoo.modules.load_modules(registry, force_demo, status, update_module)
  File "C:\workspace\odoo\odoo\modules\loading.py", line 480, in load_modules
    processed_modules += load_marked_modules(env, graph,
  File "C:\workspace\odoo\odoo\modules\loading.py", line 365, in load_marked_modules
    loaded, processed = load_module_graph(
  File "C:\workspace\odoo\odoo\modules\loading.py", line 186, in load_module_graph
    load_openerp_module(package.name)
  File "C:\workspace\odoo\odoo\modules\module.py", line 384, in load_openerp_module
    __import__(qualname)
  File "c:\workspace\odoo\addons\l10n_il_invoicing\__init__.py", line 1, in <module>
    from . import models
  File "c:\workspace\odoo\addons\l10n_il_invoicing\models\__init__.py", line 3, in <module>
    from . import il_vat_report
  File "c:\workspace\odoo\addons\l10n_il_invoicing\models\il_vat_report.py", line 14, in <module>
    class IsraeliVatReport(models.Model):
  File "c:\workspace\odoo\addons\l10n_il_invoicing\models\il_vat_report.py", line 48, in IsraeliVatReport
    @api.model
  File "C:\workspace\odoo\odoo\api.py", line 429, in model
    return model_create_single(method)
  File "C:\workspace\odoo\odoo\api.py", line 482, in model_create_single
    warnings.warn(
 
2025-05-19 17:49:15,307 35508 WARNING minga-demo odoo.tools.translate: no translation language detected, skipping translation <frame at 0x0000027184FAC110, file 'c:\\workspace\\odoo\\custom_addons\\accountant\\om_account_followup\\wizard\\followup_print.py', line 34, code FollowupPrint> 
Stack (most recent call last):
  File "C:\workspace\odoo\odoo-bin", line 8, in <module>
    odoo.cli.main()
  File "C:\workspace\odoo\odoo\cli\command.py", line 66, in main
    o.run(args)
  File "C:\workspace\odoo\odoo\cli\server.py", line 182, in run
    main(args)
  File "C:\workspace\odoo\odoo\cli\server.py", line 175, in main
    rc = odoo.service.server.start(preload=preload, stop=stop)
  File "C:\workspace\odoo\odoo\service\server.py", line 1424, in start
    rc = server.run(preload, stop)
  File "C:\workspace\odoo\odoo\service\server.py", line 589, in run
    rc = preload_registries(preload)
  File "C:\workspace\odoo\odoo\service\server.py", line 1328, in preload_registries
    registry = Registry.new(dbname, update_module=update_module)
  File "C:\workspace\odoo\venv\Lib\site-packages\decorator.py", line 232, in fun
    return caller(func, *(extras + args), **kw)
  File "C:\workspace\odoo\odoo\tools\func.py", line 97, in locked
    return func(inst, *args, **kwargs)
  File "C:\workspace\odoo\odoo\modules\registry.py", line 127, in new
    odoo.modules.load_modules(registry, force_demo, status, update_module)
  File "C:\workspace\odoo\odoo\modules\loading.py", line 480, in load_modules
    processed_modules += load_marked_modules(env, graph,
  File "C:\workspace\odoo\odoo\modules\loading.py", line 365, in load_marked_modules
    loaded, processed = load_module_graph(
  File "C:\workspace\odoo\odoo\modules\loading.py", line 186, in load_module_graph
    load_openerp_module(package.name)
  File "C:\workspace\odoo\odoo\modules\module.py", line 384, in load_openerp_module
    __import__(qualname)
  File "<frozen importlib._bootstrap>", line 1360, in _find_and_load
  File "<frozen importlib._bootstrap>", line 1331, in _find_and_load_unlocked
  File "<frozen importlib._bootstrap>", line 935, in _load_unlocked
  File "<frozen importlib._bootstrap_external>", line 995, in exec_module
  File "<frozen importlib._bootstrap>", line 488, in _call_with_frames_removed
  File "c:\workspace\odoo\custom_addons\accountant\om_account_followup\__init__.py", line 1, in <module>
    from . import wizard
  File "<frozen importlib._bootstrap>", line 1415, in _handle_fromlist
  File "<frozen importlib._bootstrap>", line 488, in _call_with_frames_removed
  File "<frozen importlib._bootstrap>", line 1360, in _find_and_load
  File "<frozen importlib._bootstrap>", line 1331, in _find_and_load_unlocked
  File "<frozen importlib._bootstrap>", line 935, in _load_unlocked
  File "<frozen importlib._bootstrap_external>", line 995, in exec_module
  File "<frozen importlib._bootstrap>", line 488, in _call_with_frames_removed
  File "c:\workspace\odoo\custom_addons\accountant\om_account_followup\wizard\__init__.py", line 1, in <module>
    from . import followup_print
  File "<frozen importlib._bootstrap>", line 1415, in _handle_fromlist
  File "<frozen importlib._bootstrap>", line 488, in _call_with_frames_removed
  File "<frozen importlib._bootstrap>", line 1360, in _find_and_load
  File "<frozen importlib._bootstrap>", line 1331, in _find_and_load_unlocked
  File "<frozen importlib._bootstrap>", line 935, in _load_unlocked
  File "<frozen importlib._bootstrap_external>", line 995, in exec_module
  File "<frozen importlib._bootstrap>", line 488, in _call_with_frames_removed
  File "c:\workspace\odoo\custom_addons\accountant\om_account_followup\wizard\followup_print.py", line 7, in <module>
    class FollowupPrint(models.TransientModel):
  File "c:\workspace\odoo\custom_addons\accountant\om_account_followup\wizard\followup_print.py", line 34, in FollowupPrint
    default=_('Invoices Reminder'))
  File "C:\workspace\odoo\odoo\tools\translate.py", line 607, in get_text_alias
    module, lang = _get_translation_source(1)
  File "C:\workspace\odoo\odoo\tools\translate.py", line 596, in _get_translation_source
    lang = lang or _get_lang(frame, default_lang)
  File "C:\workspace\odoo\odoo\tools\translate.py", line 587, in _get_lang
    _logger.log(log_level, 'no translation language detected, skipping translation %s', frame, stack_info=True)
2025-05-19 17:49:15,337 35508 INFO minga-demo odoo.modules.loading: 71 modules loaded in 0.65s, 0 queries (+0 extra) 
2025-05-19 17:49:15,492 35508 ERROR minga-demo odoo.modules.loading: Some modules are not loaded, some dependencies or manifest may be missing: ['l10n_il_origen'] 
2025-05-19 17:49:16,260 35508 INFO minga-demo odoo.modules.loading: Modules loaded. 
2025-05-19 17:49:16,266 35508 INFO minga-demo odoo.modules.registry: Registry changed, signaling through the database 
2025-05-19 17:49:16,267 35508 INFO minga-demo odoo.modules.registry: Registry loaded in 2.741s 
2025-05-19 17:49:16,269 35508 INFO minga-demo odoo.addons.base.models.ir_http: Generating routing map for key None 
2025-05-19 17:49:16,346 35508 INFO minga-demo odoo.addons.base.models.res_device: User 12 inserts device log (VM5SdrH5QUX2NfjU663PvZC9ck9QjN3qqHDhsVt0DG) 
2025-05-19 17:49:16,351 35508 INFO minga-demo werkzeug: 127.0.0.1 - - [19/May/2025 17:49:16] "GET /websocket?version=18.0-4 HTTP/1.1" 101 - 7 0.001 0.505
2025-05-19 17:49:16,707 35508 INFO minga-demo werkzeug: 127.0.0.1 - - [19/May/2025 17:49:16] "POST /bus/has_missed_notifications HTTP/1.1" 200 - 2 0.000 0.040
2025-05-19 17:49:16,737 35508 INFO ? odoo.addons.bus.models.bus: Bus.loop listen imbus on db postgres 
2025-05-19 17:50:53,812 35508 INFO minga-demo odoo.service.server: Initiating shutdown 
2025-05-19 17:50:53,812 35508 INFO minga-demo odoo.service.server: Hit CTRL-C again or send a second signal to force the shutdown. 
2025-05-19 17:50:54,914 35508 INFO minga-demo odoo.sql_db: ConnectionPool(read/write;used=0/count=0/max=64): Closed 4 connections  
2025-05-19 17:53:50,803 28640 INFO ? odoo: Odoo version 18.0 
2025-05-19 17:53:50,803 28640 INFO ? odoo: Using configuration file at C:\workspace\odoo\odoo.conf 
2025-05-19 17:53:50,803 28640 INFO ? odoo: addons paths: ['C:\\workspace\\odoo\\odoo\\addons', 'c:\\users\\sharo\\appdata\\local\\openerp s.a\\odoo\\addons\\18.0', 'c:\\workspace\\odoo\\addons', 'c:\\workspace\\odoo\\custom_addons\\accountant', 'c:\\workspace\\odoo\\odoo\\addons'] 
2025-05-19 17:53:50,803 28640 INFO ? odoo: database: moshe@localhost:5432 
2025-05-19 17:53:50,915 28640 INFO ? odoo.addons.base.models.ir_actions_report: Will use the Wkhtmltopdf binary at C:\Program Files\wkhtmltopdf\bin\wkhtmltopdf.exe 
2025-05-19 17:53:50,933 28640 INFO ? odoo.addons.base.models.ir_actions_report: Will use the Wkhtmltoimage binary at C:\Program Files\wkhtmltopdf\bin\wkhtmltoimage.exe 
2025-05-19 17:53:51,317 28640 INFO ? odoo.service.server: HTTP service (werkzeug) running on moshes.lan:8069 
2025-05-19 17:53:51,367 28640 INFO minga-demo odoo.modules.loading: loading 1 modules... 
2025-05-19 17:53:51,370 28640 INFO minga-demo odoo.modules.loading: 1 modules loaded in 0.00s, 0 queries (+0 extra) 
2025-05-19 17:53:51,383 28640 INFO minga-demo odoo.modules.loading: updating modules list 
2025-05-19 17:53:51,385 28640 INFO minga-demo odoo.addons.base.models.ir_module: ALLOW access to module.update_list on [] to user __system__ #1 via n/a 
2025-05-19 17:53:52,085 28640 WARNING minga-demo odoo.modules.graph: module l10n_il_origen: not installable, skipped 
2025-05-19 17:53:52,085 28640 INFO minga-demo odoo.modules.loading: loading 71 modules... 
2025-05-19 17:53:52,591 28640 WARNING minga-demo py.warnings: C:\workspace\odoo\odoo\api.py:482: DeprecationWarning: The model odoo.addons.l10n_il_invoicing.models.il_vat_report is not overriding the create method in batch
  File "C:\workspace\odoo\odoo-bin", line 8, in <module>
    odoo.cli.main()
  File "C:\workspace\odoo\odoo\cli\command.py", line 66, in main
    o.run(args)
  File "C:\workspace\odoo\odoo\cli\server.py", line 182, in run
    main(args)
  File "C:\workspace\odoo\odoo\cli\server.py", line 175, in main
    rc = odoo.service.server.start(preload=preload, stop=stop)
  File "C:\workspace\odoo\odoo\service\server.py", line 1424, in start
    rc = server.run(preload, stop)
  File "C:\workspace\odoo\odoo\service\server.py", line 589, in run
    rc = preload_registries(preload)
  File "C:\workspace\odoo\odoo\service\server.py", line 1328, in preload_registries
    registry = Registry.new(dbname, update_module=update_module)
  File "C:\workspace\odoo\venv\Lib\site-packages\decorator.py", line 232, in fun
    return caller(func, *(extras + args), **kw)
  File "C:\workspace\odoo\odoo\tools\func.py", line 97, in locked
    return func(inst, *args, **kwargs)
  File "C:\workspace\odoo\odoo\modules\registry.py", line 127, in new
    odoo.modules.load_modules(registry, force_demo, status, update_module)
  File "C:\workspace\odoo\odoo\modules\loading.py", line 480, in load_modules
    processed_modules += load_marked_modules(env, graph,
  File "C:\workspace\odoo\odoo\modules\loading.py", line 365, in load_marked_modules
    loaded, processed = load_module_graph(
  File "C:\workspace\odoo\odoo\modules\loading.py", line 186, in load_module_graph
    load_openerp_module(package.name)
  File "C:\workspace\odoo\odoo\modules\module.py", line 384, in load_openerp_module
    __import__(qualname)
  File "c:\workspace\odoo\addons\l10n_il_invoicing\__init__.py", line 1, in <module>
    from . import models
  File "c:\workspace\odoo\addons\l10n_il_invoicing\models\__init__.py", line 3, in <module>
    from . import il_vat_report
  File "c:\workspace\odoo\addons\l10n_il_invoicing\models\il_vat_report.py", line 14, in <module>
    class IsraeliVatReport(models.Model):
  File "c:\workspace\odoo\addons\l10n_il_invoicing\models\il_vat_report.py", line 48, in IsraeliVatReport
    @api.model
  File "C:\workspace\odoo\odoo\api.py", line 429, in model
    return model_create_single(method)
  File "C:\workspace\odoo\odoo\api.py", line 482, in model_create_single
    warnings.warn(
 
2025-05-19 17:53:52,604 28640 WARNING minga-demo odoo.tools.translate: no translation language detected, skipping translation <frame at 0x0000016C01C70110, file 'c:\\workspace\\odoo\\custom_addons\\accountant\\om_account_followup\\wizard\\followup_print.py', line 34, code FollowupPrint> 
Stack (most recent call last):
  File "C:\workspace\odoo\odoo-bin", line 8, in <module>
    odoo.cli.main()
  File "C:\workspace\odoo\odoo\cli\command.py", line 66, in main
    o.run(args)
  File "C:\workspace\odoo\odoo\cli\server.py", line 182, in run
    main(args)
  File "C:\workspace\odoo\odoo\cli\server.py", line 175, in main
    rc = odoo.service.server.start(preload=preload, stop=stop)
  File "C:\workspace\odoo\odoo\service\server.py", line 1424, in start
    rc = server.run(preload, stop)
  File "C:\workspace\odoo\odoo\service\server.py", line 589, in run
    rc = preload_registries(preload)
  File "C:\workspace\odoo\odoo\service\server.py", line 1328, in preload_registries
    registry = Registry.new(dbname, update_module=update_module)
  File "C:\workspace\odoo\venv\Lib\site-packages\decorator.py", line 232, in fun
    return caller(func, *(extras + args), **kw)
  File "C:\workspace\odoo\odoo\tools\func.py", line 97, in locked
    return func(inst, *args, **kwargs)
  File "C:\workspace\odoo\odoo\modules\registry.py", line 127, in new
    odoo.modules.load_modules(registry, force_demo, status, update_module)
  File "C:\workspace\odoo\odoo\modules\loading.py", line 480, in load_modules
    processed_modules += load_marked_modules(env, graph,
  File "C:\workspace\odoo\odoo\modules\loading.py", line 365, in load_marked_modules
    loaded, processed = load_module_graph(
  File "C:\workspace\odoo\odoo\modules\loading.py", line 186, in load_module_graph
    load_openerp_module(package.name)
  File "C:\workspace\odoo\odoo\modules\module.py", line 384, in load_openerp_module
    __import__(qualname)
  File "<frozen importlib._bootstrap>", line 1360, in _find_and_load
  File "<frozen importlib._bootstrap>", line 1331, in _find_and_load_unlocked
  File "<frozen importlib._bootstrap>", line 935, in _load_unlocked
  File "<frozen importlib._bootstrap_external>", line 995, in exec_module
  File "<frozen importlib._bootstrap>", line 488, in _call_with_frames_removed
  File "c:\workspace\odoo\custom_addons\accountant\om_account_followup\__init__.py", line 1, in <module>
    from . import wizard
  File "<frozen importlib._bootstrap>", line 1415, in _handle_fromlist
  File "<frozen importlib._bootstrap>", line 488, in _call_with_frames_removed
  File "<frozen importlib._bootstrap>", line 1360, in _find_and_load
  File "<frozen importlib._bootstrap>", line 1331, in _find_and_load_unlocked
  File "<frozen importlib._bootstrap>", line 935, in _load_unlocked
  File "<frozen importlib._bootstrap_external>", line 995, in exec_module
  File "<frozen importlib._bootstrap>", line 488, in _call_with_frames_removed
  File "c:\workspace\odoo\custom_addons\accountant\om_account_followup\wizard\__init__.py", line 1, in <module>
    from . import followup_print
  File "<frozen importlib._bootstrap>", line 1415, in _handle_fromlist
  File "<frozen importlib._bootstrap>", line 488, in _call_with_frames_removed
  File "<frozen importlib._bootstrap>", line 1360, in _find_and_load
  File "<frozen importlib._bootstrap>", line 1331, in _find_and_load_unlocked
  File "<frozen importlib._bootstrap>", line 935, in _load_unlocked
  File "<frozen importlib._bootstrap_external>", line 995, in exec_module
  File "<frozen importlib._bootstrap>", line 488, in _call_with_frames_removed
  File "c:\workspace\odoo\custom_addons\accountant\om_account_followup\wizard\followup_print.py", line 7, in <module>
    class FollowupPrint(models.TransientModel):
  File "c:\workspace\odoo\custom_addons\accountant\om_account_followup\wizard\followup_print.py", line 34, in FollowupPrint
    default=_('Invoices Reminder'))
  File "C:\workspace\odoo\odoo\tools\translate.py", line 607, in get_text_alias
    module, lang = _get_translation_source(1)
  File "C:\workspace\odoo\odoo\tools\translate.py", line 596, in _get_translation_source
    lang = lang or _get_lang(frame, default_lang)
  File "C:\workspace\odoo\odoo\tools\translate.py", line 587, in _get_lang
    _logger.log(log_level, 'no translation language detected, skipping translation %s', frame, stack_info=True)
2025-05-19 17:53:52,625 28640 INFO minga-demo odoo.modules.loading: 71 modules loaded in 0.54s, 0 queries (+0 extra) 
2025-05-19 17:53:52,749 28640 ERROR minga-demo odoo.modules.loading: Some modules are not loaded, some dependencies or manifest may be missing: ['l10n_il_origen'] 
2025-05-19 17:53:53,228 28640 INFO minga-demo odoo.modules.loading: Modules loaded. 
2025-05-19 17:53:53,237 28640 INFO minga-demo odoo.modules.registry: Registry changed, signaling through the database 
2025-05-19 17:53:53,238 28640 INFO minga-demo odoo.modules.registry: Registry loaded in 1.919s 
2025-05-19 17:53:57,256 28640 INFO minga-demo odoo.addons.base.models.ir_http: Generating routing map for key None 
2025-05-19 17:53:57,299 28640 INFO minga-demo werkzeug: 127.0.0.1 - - [19/May/2025 17:53:57] "GET /websocket?version=18.0-4 HTTP/1.1" 101 - 6 0.007 0.041
2025-05-19 17:53:57,364 28640 INFO minga-demo werkzeug: 127.0.0.1 - - [19/May/2025 17:53:57] "POST /bus/has_missed_notifications HTTP/1.1" 200 - 2 0.007 0.054
2025-05-19 17:53:57,762 28640 INFO ? odoo.addons.bus.models.bus: Bus.loop listen imbus on db postgres 
2025-05-19 17:54:00,919 28640 INFO minga-demo werkzeug: 127.0.0.1 - - [19/May/2025 17:54:00] "GET /odoo/action-419/55 HTTP/1.1" 200 - 89 0.067 3.664
2025-05-19 17:54:01,108 28640 INFO minga-demo werkzeug: 127.0.0.1 - - [19/May/2025 17:54:01] "GET /web/webclient/translations/3cbb566b6f7680a2c751a637f62a9dca10bc2efe?lang=he_IL HTTP/1.1" 200 - 1 0.001 0.015
2025-05-19 17:54:01,577 28640 INFO minga-demo werkzeug: 127.0.0.1 - - [19/May/2025 17:54:01] "POST /web/action/load HTTP/1.1" 200 - 11 0.009 0.013
2025-05-19 17:54:01,701 28640 INFO minga-demo werkzeug: 127.0.0.1 - - [19/May/2025 17:54:01] "POST /mail/data HTTP/1.1" 200 - 33 0.035 0.081
2025-05-19 17:54:01,714 28640 INFO minga-demo werkzeug: 127.0.0.1 - - [19/May/2025 17:54:01] "POST /web/dataset/call_kw/mail.push.device/register_devices HTTP/1.1" 200 - 7 0.010 0.102
2025-05-19 17:54:01,725 28640 INFO minga-demo werkzeug: 127.0.0.1 - - [19/May/2025 17:54:01] "GET /web/manifest.webmanifest HTTP/1.1" 200 - 9 0.018 0.101
2025-05-19 17:54:01,735 28640 INFO minga-demo werkzeug: 127.0.0.1 - - [19/May/2025 17:54:01] "GET /web/image?model=res.users&field=avatar_128&id=12 HTTP/1.1" 304 - 9 0.018 0.106
2025-05-19 17:54:01,776 28640 INFO minga-demo werkzeug: 127.0.0.1 - - [19/May/2025 17:54:01] "POST /web/dataset/call_kw/l10n.il.vat.report/get_views HTTP/1.1" 200 - 33 0.041 0.132
2025-05-19 17:54:01,923 28640 INFO minga-demo werkzeug: 127.0.0.1 - - [19/May/2025 17:54:01] "POST /web/dataset/call_kw/l10n.il.vat.report/web_read HTTP/1.1" 200 - 11 0.010 0.016
2025-05-19 17:54:02,098 28640 INFO minga-demo werkzeug: 127.0.0.1 - - [19/May/2025 17:54:02] "GET /bus/websocket_worker_bundle?v=18.0-4 HTTP/1.1" 304 - 4 0.003 0.011
2025-05-19 17:54:02,411 28640 INFO minga-demo werkzeug: 127.0.0.1 - - [19/May/2025 17:54:02] "GET /websocket?version=18.0-4 HTTP/1.1" 101 - 1 0.001 0.004
2025-05-19 17:54:03,329 28640 INFO minga-demo werkzeug: 127.0.0.1 - - [19/May/2025 17:54:03] "GET /web/service-worker.js HTTP/1.1" 200 - 1 0.001 0.008
2025-05-19 17:54:08,069 28640 INFO minga-demo werkzeug: 127.0.0.1 - - [19/May/2025 17:54:08] "POST /web/dataset/call_kw/l10n.il.vat.report/onchange HTTP/1.1" 200 - 2 0.002 0.007
2025-05-19 17:54:17,523 28640 INFO minga-demo werkzeug: 127.0.0.1 - - [19/May/2025 17:54:17] "POST /web/dataset/call_kw/l10n.il.vat.report/onchange HTTP/1.1" 200 - 1 0.001 0.004
2025-05-19 17:54:24,045 28640 INFO minga-demo werkzeug: 127.0.0.1 - - [19/May/2025 17:54:24] "POST /web/dataset/call_kw/l10n.il.vat.report/web_save HTTP/1.1" 200 - 7 0.008 0.011
2025-05-19 17:54:24,294 28640 INFO minga-demo odoo.addons.l10n_il_invoicing.models.il_vat_report: Found 2 moves for VAT report calculation 
2025-05-19 17:54:24,337 28640 INFO minga-demo werkzeug: 127.0.0.1 - - [19/May/2025 17:54:24] "POST /web/dataset/call_button/l10n.il.vat.report/action_calculate HTTP/1.1" 200 - 32 0.025 0.032
2025-05-19 17:54:24,375 28640 INFO minga-demo werkzeug: 127.0.0.1 - - [19/May/2025 17:54:24] "POST /web/dataset/call_kw/l10n.il.vat.report/web_read HTTP/1.1" 200 - 8 0.008 0.008
2025-05-19 17:54:25,200 28640 INFO minga-demo odoo.addons.l10n_il_invoicing.models.il_vat_report: Formatted company VAT: '055022362' 
2025-05-19 17:54:25,202 28640 INFO minga-demo odoo.addons.l10n_il_invoicing.models.il_vat_report: Generated header line (length: 151): O055022362202504120250519+00000014700+000002646+00000000000+000000000+00000000000+00000000000+00000000000+000230000+00000000000+00000000002+00000006786 
2025-05-19 17:54:25,202 28640 INFO minga-demo odoo.addons.l10n_il_invoicing.models.il_vat_report: Expected format length: 131 
2025-05-19 17:54:25,202 28640 CRITICAL minga-demo odoo.addons.l10n_il_invoicing.models.il_vat_report: Header length mismatch: 151 vs 131 
2025-05-19 17:54:25,203 28640 INFO minga-demo odoo.addons.l10n_il_invoicing.models.il_vat_report: Field 'Entry Type': Expected 'O', Got 'O' 
2025-05-19 17:54:25,203 28640 INFO minga-demo odoo.addons.l10n_il_invoicing.models.il_vat_report: Field 'Dealer ID': Expected '516161726', Got '055022362' 
2025-05-19 17:54:25,203 28640 INFO minga-demo odoo.addons.l10n_il_invoicing.models.il_vat_report: Field 'Reporting Month': Expected '202503', Got '202504' 
2025-05-19 17:54:25,203 28640 INFO minga-demo odoo.addons.l10n_il_invoicing.models.il_vat_report: Field 'Report Type': Expected '1', Got '1' 
2025-05-19 17:54:25,203 28640 INFO minga-demo odoo.addons.l10n_il_invoicing.models.il_vat_report: Field 'Generation Date': Expected '20250424', Got '20250519' 
2025-05-19 17:54:25,216 28640 INFO minga-demo odoo.addons.l10n_il_invoicing.models.il_vat_report: Sales record: 'S00000000025050400000000010000000014700+00000026460000000000' (length: 60) 
2025-05-19 17:54:25,216 28640 INFO minga-demo odoo.addons.l10n_il_invoicing.models.il_vat_report: Purchase record: '000000000025050400000000010000000230000-00000414000000000000' (length: 60) 
2025-05-19 17:54:25,216 28640 INFO minga-demo odoo.addons.l10n_il_invoicing.models.il_vat_report: ===== FINAL OUTPUT ===== 
2025-05-19 17:54:25,216 28640 INFO minga-demo odoo.addons.l10n_il_invoicing.models.il_vat_report: O055022362202504120250519+00000014700+000002646+00000000000+000000000+00000000000+00000000000+00000000000+000230000+00000000000+000 
2025-05-19 17:54:25,216 28640 INFO minga-demo odoo.addons.l10n_il_invoicing.models.il_vat_report: S00000000025050400000000010000000014700+00000026460000000000 
2025-05-19 17:54:25,216 28640 INFO minga-demo odoo.addons.l10n_il_invoicing.models.il_vat_report: 000000000025050400000000010000000230000-00000414000000000000 
2025-05-19 17:54:25,216 28640 INFO minga-demo odoo.addons.l10n_il_invoicing.models.il_vat_report: X055022362 
2025-05-19 17:54:25,216 28640 INFO minga-demo odoo.addons.l10n_il_invoicing.models.il_vat_report: ======================== 
2025-05-19 17:54:25,235 28640 INFO minga-demo werkzeug: 127.0.0.1 - - [19/May/2025 17:54:25] "POST /web/dataset/call_button/l10n.il.vat.report/action_generate_file HTTP/1.1" 200 - 19 0.015 0.031
2025-05-19 17:54:29,918 28640 INFO minga-demo werkzeug: 127.0.0.1 - - [19/May/2025 17:54:29] "POST /web/dataset/call_kw/l10n.il.vat.report/web_search_read HTTP/1.1" 200 - 2 0.003 0.006
2025-05-19 17:54:29,986 28640 INFO minga-demo werkzeug: 127.0.0.1 - - [19/May/2025 17:54:29] "POST /web/dataset/call_kw/res.users/has_group HTTP/1.1" 200 - 1 0.000 0.004
2025-05-19 17:54:31,706 28640 INFO minga-demo werkzeug: 127.0.0.1 - - [19/May/2025 17:54:31] "POST /web/dataset/call_kw/l10n.il.vat.report/web_read HTTP/1.1" 200 - 9 0.008 0.020
2025-05-19 17:54:33,601 28640 WARNING minga-demo odoo.http: <function odoo.addons.web.controllers.binary.content_common> called ignoring args {'data', 'token'} 
2025-05-19 17:54:33,607 28640 INFO minga-demo werkzeug: 127.0.0.1 - - [19/May/2025 17:54:33] "POST /web/content HTTP/1.1" 200 - 5 0.002 0.011
2025-05-19 18:28:52,456 28640 INFO minga-demo odoo.service.server: Initiating shutdown 
2025-05-19 18:28:52,456 28640 INFO minga-demo odoo.service.server: Hit CTRL-C again or send a second signal to force the shutdown. 
2025-05-19 18:28:53,082 28640 INFO minga-demo odoo.sql_db: ConnectionPool(read/write;used=0/count=0/max=64): Closed 3 connections  
2025-05-19 18:28:55,843 26436 INFO ? odoo: Odoo version 18.0 
2025-05-19 18:28:55,843 26436 INFO ? odoo: Using configuration file at C:\workspace\odoo\odoo.conf 
2025-05-19 18:28:55,843 26436 INFO ? odoo: addons paths: ['C:\\workspace\\odoo\\odoo\\addons', 'c:\\users\\sharo\\appdata\\local\\openerp s.a\\odoo\\addons\\18.0', 'c:\\workspace\\odoo\\addons', 'c:\\workspace\\odoo\\custom_addons\\accountant', 'c:\\workspace\\odoo\\odoo\\addons'] 
2025-05-19 18:28:55,843 26436 INFO ? odoo: database: moshe@localhost:5432 
2025-05-19 18:28:55,960 26436 INFO ? odoo.addons.base.models.ir_actions_report: Will use the Wkhtmltopdf binary at C:\Program Files\wkhtmltopdf\bin\wkhtmltopdf.exe 
2025-05-19 18:28:55,981 26436 INFO ? odoo.addons.base.models.ir_actions_report: Will use the Wkhtmltoimage binary at C:\Program Files\wkhtmltopdf\bin\wkhtmltoimage.exe 
2025-05-19 18:28:56,385 26436 INFO ? odoo.service.server: HTTP service (werkzeug) running on moshes.lan:8069 
2025-05-19 18:28:56,438 26436 INFO minga-demo odoo.modules.loading: loading 1 modules... 
2025-05-19 18:28:56,443 26436 INFO minga-demo odoo.modules.loading: 1 modules loaded in 0.00s, 0 queries (+0 extra) 
2025-05-19 18:28:56,453 26436 INFO minga-demo odoo.modules.loading: updating modules list 
2025-05-19 18:28:56,453 26436 INFO minga-demo odoo.addons.base.models.ir_module: ALLOW access to module.update_list on [] to user __system__ #1 via n/a 
2025-05-19 18:28:57,163 26436 WARNING minga-demo odoo.modules.graph: module l10n_il_origen: not installable, skipped 
2025-05-19 18:28:57,163 26436 INFO minga-demo odoo.modules.loading: loading 71 modules... 
2025-05-19 18:28:57,572 26436 CRITICAL minga-demo odoo.modules.module: Couldn't load module l10n_il_invoicing 
2025-05-19 18:28:57,572 26436 WARNING minga-demo odoo.modules.loading: Transient module states were reset 
2025-05-19 18:28:57,572 26436 ERROR minga-demo odoo.modules.registry: Failed to load registry 
2025-05-19 18:28:57,572 26436 CRITICAL minga-demo odoo.service.server: Failed to initialize database `minga-demo`. 
Traceback (most recent call last):
  File "C:\workspace\odoo\odoo\service\server.py", line 1328, in preload_registries
    registry = Registry.new(dbname, update_module=update_module)
               ^^^^^^^^^^^^^^^^^^^^^^^^^^^^^^^^^^^^^^^^^^^^^^^^^
  File "C:\workspace\odoo\venv\Lib\site-packages\decorator.py", line 232, in fun
    return caller(func, *(extras + args), **kw)
           ^^^^^^^^^^^^^^^^^^^^^^^^^^^^^^^^^^^^
  File "C:\workspace\odoo\odoo\tools\func.py", line 97, in locked
    return func(inst, *args, **kwargs)
           ^^^^^^^^^^^^^^^^^^^^^^^^^^^
  File "C:\workspace\odoo\odoo\modules\registry.py", line 127, in new
    odoo.modules.load_modules(registry, force_demo, status, update_module)
  File "C:\workspace\odoo\odoo\modules\loading.py", line 480, in load_modules
    processed_modules += load_marked_modules(env, graph,
                         ^^^^^^^^^^^^^^^^^^^^^^^^^^^^^^^
  File "C:\workspace\odoo\odoo\modules\loading.py", line 365, in load_marked_modules
    loaded, processed = load_module_graph(
                        ^^^^^^^^^^^^^^^^^^
  File "C:\workspace\odoo\odoo\modules\loading.py", line 186, in load_module_graph
    load_openerp_module(package.name)
  File "C:\workspace\odoo\odoo\modules\module.py", line 384, in load_openerp_module
    __import__(qualname)
  File "c:\workspace\odoo\addons\l10n_il_invoicing\__init__.py", line 1, in <module>
    from . import models
  File "c:\workspace\odoo\addons\l10n_il_invoicing\models\__init__.py", line 3, in <module>
    from . import il_vat_report
  File "c:\workspace\odoo\addons\l10n_il_invoicing\models\il_vat_report.py", line 124
    def action_generate_file(self):
                                   ^
IndentationError: unindent does not match any outer indentation level
2025-05-19 18:28:57,653 26436 INFO ? odoo.modules.loading: loading 1 modules... 
2025-05-19 18:28:57,653 26436 INFO ? odoo.modules.loading: 1 modules loaded in 0.00s, 0 queries (+0 extra) 
2025-05-19 18:28:57,653 26436 WARNING ? odoo.modules.graph: module l10n_il_origen: not installable, skipped 
2025-05-19 18:28:57,653 26436 INFO ? odoo.modules.loading: loading 71 modules... 
2025-05-19 18:28:57,688 26436 CRITICAL ? odoo.modules.module: Couldn't load module l10n_il_invoicing 
2025-05-19 18:28:57,690 26436 WARNING ? odoo.modules.loading: Transient module states were reset 
2025-05-19 18:28:57,690 26436 ERROR ? odoo.modules.registry: Failed to load registry 
2025-05-19 18:28:57,690 26436 ERROR ? odoo.http: Exception during request handling. 
Traceback (most recent call last):
  File "C:\workspace\odoo\odoo\modules\registry.py", line 104, in __new__
    return cls.registries[db_name]
           ~~~~~~~~~~~~~~^^^^^^^^^
  File "C:\workspace\odoo\venv\Lib\site-packages\decorator.py", line 232, in fun
    return caller(func, *(extras + args), **kw)
           ^^^^^^^^^^^^^^^^^^^^^^^^^^^^^^^^^^^^
  File "C:\workspace\odoo\odoo\tools\func.py", line 97, in locked
    return func(inst, *args, **kwargs)
           ^^^^^^^^^^^^^^^^^^^^^^^^^^^
  File "C:\workspace\odoo\odoo\tools\lru.py", line 33, in __getitem__
    a = self.d[obj]
        ~~~~~~^^^^^
KeyError: 'minga-demo'

During handling of the above exception, another exception occurred:

Traceback (most recent call last):
  File "C:\workspace\odoo\odoo\http.py", line 2373, in __call__
    response = request._serve_db()
               ^^^^^^^^^^^^^^^^^^^
  File "C:\workspace\odoo\odoo\http.py", line 1877, in _serve_db
    self.registry, cr_readwrite = self._open_registry()
                                  ^^^^^^^^^^^^^^^^^^^^^
  File "C:\workspace\odoo\odoo\http.py", line 1487, in _open_registry
    registry = Registry(self.db)
               ^^^^^^^^^^^^^^^^^
  File "C:\workspace\odoo\odoo\modules\registry.py", line 106, in __new__
    return cls.new(db_name)
           ^^^^^^^^^^^^^^^^
  File "C:\workspace\odoo\venv\Lib\site-packages\decorator.py", line 232, in fun
    return caller(func, *(extras + args), **kw)
           ^^^^^^^^^^^^^^^^^^^^^^^^^^^^^^^^^^^^
  File "C:\workspace\odoo\odoo\tools\func.py", line 97, in locked
    return func(inst, *args, **kwargs)
           ^^^^^^^^^^^^^^^^^^^^^^^^^^^
  File "C:\workspace\odoo\odoo\modules\registry.py", line 127, in new
    odoo.modules.load_modules(registry, force_demo, status, update_module)
  File "C:\workspace\odoo\odoo\modules\loading.py", line 480, in load_modules
    processed_modules += load_marked_modules(env, graph,
                         ^^^^^^^^^^^^^^^^^^^^^^^^^^^^^^^
  File "C:\workspace\odoo\odoo\modules\loading.py", line 365, in load_marked_modules
    loaded, processed = load_module_graph(
                        ^^^^^^^^^^^^^^^^^^
  File "C:\workspace\odoo\odoo\modules\loading.py", line 186, in load_module_graph
    load_openerp_module(package.name)
  File "C:\workspace\odoo\odoo\modules\module.py", line 384, in load_openerp_module
    __import__(qualname)
  File "c:\workspace\odoo\addons\l10n_il_invoicing\__init__.py", line 1, in <module>
    from . import models
  File "c:\workspace\odoo\addons\l10n_il_invoicing\models\__init__.py", line 3, in <module>
    from . import il_vat_report
  File "c:\workspace\odoo\addons\l10n_il_invoicing\models\il_vat_report.py", line 124
    def action_generate_file(self):
                                   ^
IndentationError: unindent does not match any outer indentation level
2025-05-19 18:28:57,690 26436 INFO ? werkzeug: 127.0.0.1 - - [19/May/2025 18:28:57] "GET /websocket?version=18.0-4 HTTP/1.1" 500 - 14 0.003 0.875
2025-05-19 18:29:01,936 26436 INFO ? odoo.modules.loading: loading 1 modules... 
2025-05-19 18:29:01,936 26436 INFO ? odoo.modules.loading: 1 modules loaded in 0.00s, 0 queries (+0 extra) 
2025-05-19 18:29:01,952 26436 WARNING ? odoo.modules.graph: module l10n_il_origen: not installable, skipped 
2025-05-19 18:29:01,962 26436 INFO ? odoo.modules.loading: loading 71 modules... 
2025-05-19 18:29:02,021 26436 CRITICAL ? odoo.modules.module: Couldn't load module l10n_il_invoicing 
2025-05-19 18:29:02,024 26436 WARNING ? odoo.modules.loading: Transient module states were reset 
2025-05-19 18:29:02,024 26436 ERROR ? odoo.modules.registry: Failed to load registry 
2025-05-19 18:29:02,024 26436 ERROR ? odoo.http: Exception during request handling. 
Traceback (most recent call last):
  File "C:\workspace\odoo\odoo\modules\registry.py", line 104, in __new__
    return cls.registries[db_name]
           ~~~~~~~~~~~~~~^^^^^^^^^
  File "C:\workspace\odoo\venv\Lib\site-packages\decorator.py", line 232, in fun
    return caller(func, *(extras + args), **kw)
           ^^^^^^^^^^^^^^^^^^^^^^^^^^^^^^^^^^^^
  File "C:\workspace\odoo\odoo\tools\func.py", line 97, in locked
    return func(inst, *args, **kwargs)
           ^^^^^^^^^^^^^^^^^^^^^^^^^^^
  File "C:\workspace\odoo\odoo\tools\lru.py", line 33, in __getitem__
    a = self.d[obj]
        ~~~~~~^^^^^
KeyError: 'minga-demo'

During handling of the above exception, another exception occurred:

Traceback (most recent call last):
  File "C:\workspace\odoo\odoo\http.py", line 2373, in __call__
    response = request._serve_db()
               ^^^^^^^^^^^^^^^^^^^
  File "C:\workspace\odoo\odoo\http.py", line 1877, in _serve_db
    self.registry, cr_readwrite = self._open_registry()
                                  ^^^^^^^^^^^^^^^^^^^^^
  File "C:\workspace\odoo\odoo\http.py", line 1487, in _open_registry
    registry = Registry(self.db)
               ^^^^^^^^^^^^^^^^^
  File "C:\workspace\odoo\odoo\modules\registry.py", line 106, in __new__
    return cls.new(db_name)
           ^^^^^^^^^^^^^^^^
  File "C:\workspace\odoo\venv\Lib\site-packages\decorator.py", line 232, in fun
    return caller(func, *(extras + args), **kw)
           ^^^^^^^^^^^^^^^^^^^^^^^^^^^^^^^^^^^^
  File "C:\workspace\odoo\odoo\tools\func.py", line 97, in locked
    return func(inst, *args, **kwargs)
           ^^^^^^^^^^^^^^^^^^^^^^^^^^^
  File "C:\workspace\odoo\odoo\modules\registry.py", line 127, in new
    odoo.modules.load_modules(registry, force_demo, status, update_module)
  File "C:\workspace\odoo\odoo\modules\loading.py", line 480, in load_modules
    processed_modules += load_marked_modules(env, graph,
                         ^^^^^^^^^^^^^^^^^^^^^^^^^^^^^^^
  File "C:\workspace\odoo\odoo\modules\loading.py", line 365, in load_marked_modules
    loaded, processed = load_module_graph(
                        ^^^^^^^^^^^^^^^^^^
  File "C:\workspace\odoo\odoo\modules\loading.py", line 186, in load_module_graph
    load_openerp_module(package.name)
  File "C:\workspace\odoo\odoo\modules\module.py", line 384, in load_openerp_module
    __import__(qualname)
  File "c:\workspace\odoo\addons\l10n_il_invoicing\__init__.py", line 1, in <module>
    from . import models
  File "c:\workspace\odoo\addons\l10n_il_invoicing\models\__init__.py", line 3, in <module>
    from . import il_vat_report
  File "c:\workspace\odoo\addons\l10n_il_invoicing\models\il_vat_report.py", line 124
    def action_generate_file(self):
                                   ^
IndentationError: unindent does not match any outer indentation level
2025-05-19 18:29:02,026 26436 INFO ? werkzeug: 127.0.0.1 - - [19/May/2025 18:29:02] "GET /websocket?version=18.0-4 HTTP/1.1" 500 - 14 0.027 0.077
2025-05-19 18:29:06,155 26436 INFO ? odoo.modules.loading: loading 1 modules... 
2025-05-19 18:29:06,160 26436 INFO ? odoo.modules.loading: 1 modules loaded in 0.00s, 0 queries (+0 extra) 
2025-05-19 18:29:06,164 26436 WARNING ? odoo.modules.graph: module l10n_il_origen: not installable, skipped 
2025-05-19 18:29:06,170 26436 INFO ? odoo.modules.loading: loading 71 modules... 
2025-05-19 18:29:06,225 26436 CRITICAL ? odoo.modules.module: Couldn't load module l10n_il_invoicing 
2025-05-19 18:29:06,229 26436 WARNING ? odoo.modules.loading: Transient module states were reset 
2025-05-19 18:29:06,230 26436 ERROR ? odoo.modules.registry: Failed to load registry 
2025-05-19 18:29:06,230 26436 ERROR ? odoo.http: Exception during request handling. 
Traceback (most recent call last):
  File "C:\workspace\odoo\odoo\modules\registry.py", line 104, in __new__
    return cls.registries[db_name]
           ~~~~~~~~~~~~~~^^^^^^^^^
  File "C:\workspace\odoo\venv\Lib\site-packages\decorator.py", line 232, in fun
    return caller(func, *(extras + args), **kw)
           ^^^^^^^^^^^^^^^^^^^^^^^^^^^^^^^^^^^^
  File "C:\workspace\odoo\odoo\tools\func.py", line 97, in locked
    return func(inst, *args, **kwargs)
           ^^^^^^^^^^^^^^^^^^^^^^^^^^^
  File "C:\workspace\odoo\odoo\tools\lru.py", line 33, in __getitem__
    a = self.d[obj]
        ~~~~~~^^^^^
KeyError: 'minga-demo'

During handling of the above exception, another exception occurred:

Traceback (most recent call last):
  File "C:\workspace\odoo\odoo\http.py", line 2373, in __call__
    response = request._serve_db()
               ^^^^^^^^^^^^^^^^^^^
  File "C:\workspace\odoo\odoo\http.py", line 1877, in _serve_db
    self.registry, cr_readwrite = self._open_registry()
                                  ^^^^^^^^^^^^^^^^^^^^^
  File "C:\workspace\odoo\odoo\http.py", line 1487, in _open_registry
    registry = Registry(self.db)
               ^^^^^^^^^^^^^^^^^
  File "C:\workspace\odoo\odoo\modules\registry.py", line 106, in __new__
    return cls.new(db_name)
           ^^^^^^^^^^^^^^^^
  File "C:\workspace\odoo\venv\Lib\site-packages\decorator.py", line 232, in fun
    return caller(func, *(extras + args), **kw)
           ^^^^^^^^^^^^^^^^^^^^^^^^^^^^^^^^^^^^
  File "C:\workspace\odoo\odoo\tools\func.py", line 97, in locked
    return func(inst, *args, **kwargs)
           ^^^^^^^^^^^^^^^^^^^^^^^^^^^
  File "C:\workspace\odoo\odoo\modules\registry.py", line 127, in new
    odoo.modules.load_modules(registry, force_demo, status, update_module)
  File "C:\workspace\odoo\odoo\modules\loading.py", line 480, in load_modules
    processed_modules += load_marked_modules(env, graph,
                         ^^^^^^^^^^^^^^^^^^^^^^^^^^^^^^^
  File "C:\workspace\odoo\odoo\modules\loading.py", line 365, in load_marked_modules
    loaded, processed = load_module_graph(
                        ^^^^^^^^^^^^^^^^^^
  File "C:\workspace\odoo\odoo\modules\loading.py", line 186, in load_module_graph
    load_openerp_module(package.name)
  File "C:\workspace\odoo\odoo\modules\module.py", line 384, in load_openerp_module
    __import__(qualname)
  File "c:\workspace\odoo\addons\l10n_il_invoicing\__init__.py", line 1, in <module>
    from . import models
  File "c:\workspace\odoo\addons\l10n_il_invoicing\models\__init__.py", line 3, in <module>
    from . import il_vat_report
  File "c:\workspace\odoo\addons\l10n_il_invoicing\models\il_vat_report.py", line 124
    def action_generate_file(self):
                                   ^
IndentationError: unindent does not match any outer indentation level
2025-05-19 18:29:06,232 26436 INFO ? werkzeug: 127.0.0.1 - - [19/May/2025 18:29:06] "GET /odoo/action-419/56 HTTP/1.1" 500 - 14 0.014 0.146
2025-05-19 18:29:06,476 26436 INFO ? odoo.modules.loading: loading 1 modules... 
2025-05-19 18:29:06,485 26436 INFO ? odoo.modules.loading: 1 modules loaded in 0.01s, 0 queries (+0 extra) 
2025-05-19 18:29:06,489 26436 WARNING ? odoo.modules.graph: module l10n_il_origen: not installable, skipped 
2025-05-19 18:29:06,496 26436 INFO ? odoo.modules.loading: loading 71 modules... 
2025-05-19 18:29:06,557 26436 CRITICAL ? odoo.modules.module: Couldn't load module l10n_il_invoicing 
2025-05-19 18:29:06,561 26436 WARNING ? odoo.modules.loading: Transient module states were reset 
2025-05-19 18:29:06,561 26436 ERROR ? odoo.modules.registry: Failed to load registry 
2025-05-19 18:29:06,562 26436 ERROR ? odoo.http: Exception during request handling. 
Traceback (most recent call last):
  File "C:\workspace\odoo\odoo\modules\registry.py", line 104, in __new__
    return cls.registries[db_name]
           ~~~~~~~~~~~~~~^^^^^^^^^
  File "C:\workspace\odoo\venv\Lib\site-packages\decorator.py", line 232, in fun
    return caller(func, *(extras + args), **kw)
           ^^^^^^^^^^^^^^^^^^^^^^^^^^^^^^^^^^^^
  File "C:\workspace\odoo\odoo\tools\func.py", line 97, in locked
    return func(inst, *args, **kwargs)
           ^^^^^^^^^^^^^^^^^^^^^^^^^^^
  File "C:\workspace\odoo\odoo\tools\lru.py", line 33, in __getitem__
    a = self.d[obj]
        ~~~~~~^^^^^
KeyError: 'minga-demo'

During handling of the above exception, another exception occurred:

Traceback (most recent call last):
  File "C:\workspace\odoo\odoo\http.py", line 2373, in __call__
    response = request._serve_db()
               ^^^^^^^^^^^^^^^^^^^
  File "C:\workspace\odoo\odoo\http.py", line 1877, in _serve_db
    self.registry, cr_readwrite = self._open_registry()
                                  ^^^^^^^^^^^^^^^^^^^^^
  File "C:\workspace\odoo\odoo\http.py", line 1487, in _open_registry
    registry = Registry(self.db)
               ^^^^^^^^^^^^^^^^^
  File "C:\workspace\odoo\odoo\modules\registry.py", line 106, in __new__
    return cls.new(db_name)
           ^^^^^^^^^^^^^^^^
  File "C:\workspace\odoo\venv\Lib\site-packages\decorator.py", line 232, in fun
    return caller(func, *(extras + args), **kw)
           ^^^^^^^^^^^^^^^^^^^^^^^^^^^^^^^^^^^^
  File "C:\workspace\odoo\odoo\tools\func.py", line 97, in locked
    return func(inst, *args, **kwargs)
           ^^^^^^^^^^^^^^^^^^^^^^^^^^^
  File "C:\workspace\odoo\odoo\modules\registry.py", line 127, in new
    odoo.modules.load_modules(registry, force_demo, status, update_module)
  File "C:\workspace\odoo\odoo\modules\loading.py", line 480, in load_modules
    processed_modules += load_marked_modules(env, graph,
                         ^^^^^^^^^^^^^^^^^^^^^^^^^^^^^^^
  File "C:\workspace\odoo\odoo\modules\loading.py", line 365, in load_marked_modules
    loaded, processed = load_module_graph(
                        ^^^^^^^^^^^^^^^^^^
  File "C:\workspace\odoo\odoo\modules\loading.py", line 186, in load_module_graph
    load_openerp_module(package.name)
  File "C:\workspace\odoo\odoo\modules\module.py", line 384, in load_openerp_module
    __import__(qualname)
  File "c:\workspace\odoo\addons\l10n_il_invoicing\__init__.py", line 1, in <module>
    from . import models
  File "c:\workspace\odoo\addons\l10n_il_invoicing\models\__init__.py", line 3, in <module>
    from . import il_vat_report
  File "c:\workspace\odoo\addons\l10n_il_invoicing\models\il_vat_report.py", line 124
    def action_generate_file(self):
                                   ^
IndentationError: unindent does not match any outer indentation level
2025-05-19 18:29:06,563 26436 INFO ? werkzeug: 127.0.0.1 - - [19/May/2025 18:29:06] "GET /favicon.ico HTTP/1.1" 500 - 14 0.013 0.083
2025-05-19 18:29:13,912 26436 INFO ? odoo.modules.loading: loading 1 modules... 
2025-05-19 18:29:13,926 26436 INFO ? odoo.modules.loading: 1 modules loaded in 0.01s, 0 queries (+0 extra) 
2025-05-19 18:29:13,932 26436 WARNING ? odoo.modules.graph: module l10n_il_origen: not installable, skipped 
2025-05-19 18:29:13,941 26436 INFO ? odoo.modules.loading: loading 71 modules... 
2025-05-19 18:29:14,010 26436 CRITICAL ? odoo.modules.module: Couldn't load module l10n_il_invoicing 
2025-05-19 18:29:14,014 26436 WARNING ? odoo.modules.loading: Transient module states were reset 
2025-05-19 18:29:14,014 26436 ERROR ? odoo.modules.registry: Failed to load registry 
2025-05-19 18:29:14,015 26436 ERROR ? odoo.http: Exception during request handling. 
Traceback (most recent call last):
  File "C:\workspace\odoo\odoo\modules\registry.py", line 104, in __new__
    return cls.registries[db_name]
           ~~~~~~~~~~~~~~^^^^^^^^^
  File "C:\workspace\odoo\venv\Lib\site-packages\decorator.py", line 232, in fun
    return caller(func, *(extras + args), **kw)
           ^^^^^^^^^^^^^^^^^^^^^^^^^^^^^^^^^^^^
  File "C:\workspace\odoo\odoo\tools\func.py", line 97, in locked
    return func(inst, *args, **kwargs)
           ^^^^^^^^^^^^^^^^^^^^^^^^^^^
  File "C:\workspace\odoo\odoo\tools\lru.py", line 33, in __getitem__
    a = self.d[obj]
        ~~~~~~^^^^^
KeyError: 'minga-demo'

During handling of the above exception, another exception occurred:

Traceback (most recent call last):
  File "C:\workspace\odoo\odoo\http.py", line 2373, in __call__
    response = request._serve_db()
               ^^^^^^^^^^^^^^^^^^^
  File "C:\workspace\odoo\odoo\http.py", line 1877, in _serve_db
    self.registry, cr_readwrite = self._open_registry()
                                  ^^^^^^^^^^^^^^^^^^^^^
  File "C:\workspace\odoo\odoo\http.py", line 1487, in _open_registry
    registry = Registry(self.db)
               ^^^^^^^^^^^^^^^^^
  File "C:\workspace\odoo\odoo\modules\registry.py", line 106, in __new__
    return cls.new(db_name)
           ^^^^^^^^^^^^^^^^
  File "C:\workspace\odoo\venv\Lib\site-packages\decorator.py", line 232, in fun
    return caller(func, *(extras + args), **kw)
           ^^^^^^^^^^^^^^^^^^^^^^^^^^^^^^^^^^^^
  File "C:\workspace\odoo\odoo\tools\func.py", line 97, in locked
    return func(inst, *args, **kwargs)
           ^^^^^^^^^^^^^^^^^^^^^^^^^^^
  File "C:\workspace\odoo\odoo\modules\registry.py", line 127, in new
    odoo.modules.load_modules(registry, force_demo, status, update_module)
  File "C:\workspace\odoo\odoo\modules\loading.py", line 480, in load_modules
    processed_modules += load_marked_modules(env, graph,
                         ^^^^^^^^^^^^^^^^^^^^^^^^^^^^^^^
  File "C:\workspace\odoo\odoo\modules\loading.py", line 365, in load_marked_modules
    loaded, processed = load_module_graph(
                        ^^^^^^^^^^^^^^^^^^
  File "C:\workspace\odoo\odoo\modules\loading.py", line 186, in load_module_graph
    load_openerp_module(package.name)
  File "C:\workspace\odoo\odoo\modules\module.py", line 384, in load_openerp_module
    __import__(qualname)
  File "c:\workspace\odoo\addons\l10n_il_invoicing\__init__.py", line 1, in <module>
    from . import models
  File "c:\workspace\odoo\addons\l10n_il_invoicing\models\__init__.py", line 3, in <module>
    from . import il_vat_report
  File "c:\workspace\odoo\addons\l10n_il_invoicing\models\il_vat_report.py", line 124
    def action_generate_file(self):
                                   ^
IndentationError: unindent does not match any outer indentation level
2025-05-19 18:29:14,017 26436 INFO ? werkzeug: 127.0.0.1 - - [19/May/2025 18:29:14] "GET /odoo/action-419/56 HTTP/1.1" 500 - 14 0.013 0.100
2025-05-19 18:29:14,219 26436 INFO ? odoo.modules.loading: loading 1 modules... 
2025-05-19 18:29:14,233 26436 INFO ? odoo.modules.loading: 1 modules loaded in 0.01s, 0 queries (+0 extra) 
2025-05-19 18:29:14,237 26436 WARNING ? odoo.modules.graph: module l10n_il_origen: not installable, skipped 
2025-05-19 18:29:14,247 26436 INFO ? odoo.modules.loading: loading 71 modules... 
2025-05-19 18:29:14,308 26436 CRITICAL ? odoo.modules.module: Couldn't load module l10n_il_invoicing 
2025-05-19 18:29:14,312 26436 WARNING ? odoo.modules.loading: Transient module states were reset 
2025-05-19 18:29:14,313 26436 ERROR ? odoo.modules.registry: Failed to load registry 
2025-05-19 18:29:14,313 26436 ERROR ? odoo.http: Exception during request handling. 
Traceback (most recent call last):
  File "C:\workspace\odoo\odoo\modules\registry.py", line 104, in __new__
    return cls.registries[db_name]
           ~~~~~~~~~~~~~~^^^^^^^^^
  File "C:\workspace\odoo\venv\Lib\site-packages\decorator.py", line 232, in fun
    return caller(func, *(extras + args), **kw)
           ^^^^^^^^^^^^^^^^^^^^^^^^^^^^^^^^^^^^
  File "C:\workspace\odoo\odoo\tools\func.py", line 97, in locked
    return func(inst, *args, **kwargs)
           ^^^^^^^^^^^^^^^^^^^^^^^^^^^
  File "C:\workspace\odoo\odoo\tools\lru.py", line 33, in __getitem__
    a = self.d[obj]
        ~~~~~~^^^^^
KeyError: 'minga-demo'

During handling of the above exception, another exception occurred:

Traceback (most recent call last):
  File "C:\workspace\odoo\odoo\http.py", line 2373, in __call__
    response = request._serve_db()
               ^^^^^^^^^^^^^^^^^^^
  File "C:\workspace\odoo\odoo\http.py", line 1877, in _serve_db
    self.registry, cr_readwrite = self._open_registry()
                                  ^^^^^^^^^^^^^^^^^^^^^
  File "C:\workspace\odoo\odoo\http.py", line 1487, in _open_registry
    registry = Registry(self.db)
               ^^^^^^^^^^^^^^^^^
  File "C:\workspace\odoo\odoo\modules\registry.py", line 106, in __new__
    return cls.new(db_name)
           ^^^^^^^^^^^^^^^^
  File "C:\workspace\odoo\venv\Lib\site-packages\decorator.py", line 232, in fun
    return caller(func, *(extras + args), **kw)
           ^^^^^^^^^^^^^^^^^^^^^^^^^^^^^^^^^^^^
  File "C:\workspace\odoo\odoo\tools\func.py", line 97, in locked
    return func(inst, *args, **kwargs)
           ^^^^^^^^^^^^^^^^^^^^^^^^^^^
  File "C:\workspace\odoo\odoo\modules\registry.py", line 127, in new
    odoo.modules.load_modules(registry, force_demo, status, update_module)
  File "C:\workspace\odoo\odoo\modules\loading.py", line 480, in load_modules
    processed_modules += load_marked_modules(env, graph,
                         ^^^^^^^^^^^^^^^^^^^^^^^^^^^^^^^
  File "C:\workspace\odoo\odoo\modules\loading.py", line 365, in load_marked_modules
    loaded, processed = load_module_graph(
                        ^^^^^^^^^^^^^^^^^^
  File "C:\workspace\odoo\odoo\modules\loading.py", line 186, in load_module_graph
    load_openerp_module(package.name)
  File "C:\workspace\odoo\odoo\modules\module.py", line 384, in load_openerp_module
    __import__(qualname)
  File "c:\workspace\odoo\addons\l10n_il_invoicing\__init__.py", line 1, in <module>
    from . import models
  File "c:\workspace\odoo\addons\l10n_il_invoicing\models\__init__.py", line 3, in <module>
    from . import il_vat_report
  File "c:\workspace\odoo\addons\l10n_il_invoicing\models\il_vat_report.py", line 124
    def action_generate_file(self):
                                   ^
IndentationError: unindent does not match any outer indentation level
2025-05-19 18:29:14,315 26436 INFO ? werkzeug: 127.0.0.1 - - [19/May/2025 18:29:14] "GET /favicon.ico HTTP/1.1" 500 - 14 0.012 0.092
2025-05-19 18:29:16,042 26436 INFO ? odoo.modules.loading: loading 1 modules... 
2025-05-19 18:29:16,050 26436 INFO ? odoo.modules.loading: 1 modules loaded in 0.01s, 0 queries (+0 extra) 
2025-05-19 18:29:16,054 26436 WARNING ? odoo.modules.graph: module l10n_il_origen: not installable, skipped 
2025-05-19 18:29:16,060 26436 INFO ? odoo.modules.loading: loading 71 modules... 
2025-05-19 18:29:16,091 26436 CRITICAL ? odoo.modules.module: Couldn't load module l10n_il_invoicing 
2025-05-19 18:29:16,093 26436 WARNING ? odoo.modules.loading: Transient module states were reset 
2025-05-19 18:29:16,093 26436 ERROR ? odoo.modules.registry: Failed to load registry 
2025-05-19 18:29:16,093 26436 ERROR ? odoo.http: Exception during request handling. 
Traceback (most recent call last):
  File "C:\workspace\odoo\odoo\modules\registry.py", line 104, in __new__
    return cls.registries[db_name]
           ~~~~~~~~~~~~~~^^^^^^^^^
  File "C:\workspace\odoo\venv\Lib\site-packages\decorator.py", line 232, in fun
    return caller(func, *(extras + args), **kw)
           ^^^^^^^^^^^^^^^^^^^^^^^^^^^^^^^^^^^^
  File "C:\workspace\odoo\odoo\tools\func.py", line 97, in locked
    return func(inst, *args, **kwargs)
           ^^^^^^^^^^^^^^^^^^^^^^^^^^^
  File "C:\workspace\odoo\odoo\tools\lru.py", line 33, in __getitem__
    a = self.d[obj]
        ~~~~~~^^^^^
KeyError: 'minga-demo'

During handling of the above exception, another exception occurred:

Traceback (most recent call last):
  File "C:\workspace\odoo\odoo\http.py", line 2373, in __call__
    response = request._serve_db()
               ^^^^^^^^^^^^^^^^^^^
  File "C:\workspace\odoo\odoo\http.py", line 1877, in _serve_db
    self.registry, cr_readwrite = self._open_registry()
                                  ^^^^^^^^^^^^^^^^^^^^^
  File "C:\workspace\odoo\odoo\http.py", line 1487, in _open_registry
    registry = Registry(self.db)
               ^^^^^^^^^^^^^^^^^
  File "C:\workspace\odoo\odoo\modules\registry.py", line 106, in __new__
    return cls.new(db_name)
           ^^^^^^^^^^^^^^^^
  File "C:\workspace\odoo\venv\Lib\site-packages\decorator.py", line 232, in fun
    return caller(func, *(extras + args), **kw)
           ^^^^^^^^^^^^^^^^^^^^^^^^^^^^^^^^^^^^
  File "C:\workspace\odoo\odoo\tools\func.py", line 97, in locked
    return func(inst, *args, **kwargs)
           ^^^^^^^^^^^^^^^^^^^^^^^^^^^
  File "C:\workspace\odoo\odoo\modules\registry.py", line 127, in new
    odoo.modules.load_modules(registry, force_demo, status, update_module)
  File "C:\workspace\odoo\odoo\modules\loading.py", line 480, in load_modules
    processed_modules += load_marked_modules(env, graph,
                         ^^^^^^^^^^^^^^^^^^^^^^^^^^^^^^^
  File "C:\workspace\odoo\odoo\modules\loading.py", line 365, in load_marked_modules
    loaded, processed = load_module_graph(
                        ^^^^^^^^^^^^^^^^^^
  File "C:\workspace\odoo\odoo\modules\loading.py", line 186, in load_module_graph
    load_openerp_module(package.name)
  File "C:\workspace\odoo\odoo\modules\module.py", line 384, in load_openerp_module
    __import__(qualname)
  File "c:\workspace\odoo\addons\l10n_il_invoicing\__init__.py", line 1, in <module>
    from . import models
  File "c:\workspace\odoo\addons\l10n_il_invoicing\models\__init__.py", line 3, in <module>
    from . import il_vat_report
  File "c:\workspace\odoo\addons\l10n_il_invoicing\models\il_vat_report.py", line 124
    def action_generate_file(self):
                                   ^
IndentationError: unindent does not match any outer indentation level
2025-05-19 18:29:16,095 26436 INFO ? werkzeug: 127.0.0.1 - - [19/May/2025 18:29:16] "GET /web/service-worker.js HTTP/1.1" 500 - 14 0.013 0.052
2025-05-19 18:29:19,759 26436 INFO minga-demo odoo.service.server: Initiating shutdown 
2025-05-19 18:29:19,759 26436 INFO minga-demo odoo.service.server: Hit CTRL-C again or send a second signal to force the shutdown. 
2025-05-19 18:29:20,808 26436 INFO minga-demo odoo.sql_db: ConnectionPool(read/write;used=0/count=0/max=64): Closed 3 connections  
2025-05-19 18:33:23,188 25584 INFO ? odoo: Odoo version 18.0 
2025-05-19 18:33:23,188 25584 INFO ? odoo: Using configuration file at C:\workspace\odoo\odoo.conf 
2025-05-19 18:33:23,188 25584 INFO ? odoo: addons paths: ['C:\\workspace\\odoo\\odoo\\addons', 'c:\\users\\sharo\\appdata\\local\\openerp s.a\\odoo\\addons\\18.0', 'c:\\workspace\\odoo\\addons', 'c:\\workspace\\odoo\\custom_addons\\accountant', 'c:\\workspace\\odoo\\odoo\\addons'] 
2025-05-19 18:33:23,188 25584 INFO ? odoo: database: moshe@localhost:5432 
2025-05-19 18:33:23,303 25584 INFO ? odoo.addons.base.models.ir_actions_report: Will use the Wkhtmltopdf binary at C:\Program Files\wkhtmltopdf\bin\wkhtmltopdf.exe 
2025-05-19 18:33:23,320 25584 INFO ? odoo.addons.base.models.ir_actions_report: Will use the Wkhtmltoimage binary at C:\Program Files\wkhtmltopdf\bin\wkhtmltoimage.exe 
2025-05-19 18:33:23,678 25584 INFO ? odoo.service.server: HTTP service (werkzeug) running on moshes.lan:8069 
2025-05-19 18:33:23,726 25584 INFO minga-demo odoo.modules.loading: loading 1 modules... 
2025-05-19 18:33:23,742 25584 INFO minga-demo odoo.modules.loading: 1 modules loaded in 0.02s, 0 queries (+0 extra) 
2025-05-19 18:33:23,753 25584 INFO minga-demo odoo.modules.loading: updating modules list 
2025-05-19 18:33:23,753 25584 INFO minga-demo odoo.addons.base.models.ir_module: ALLOW access to module.update_list on [] to user __system__ #1 via n/a 
2025-05-19 18:33:24,473 25584 WARNING minga-demo odoo.modules.graph: module l10n_il_origen: not installable, skipped 
2025-05-19 18:33:24,477 25584 INFO minga-demo odoo.modules.loading: loading 71 modules... 
2025-05-19 18:33:24,950 25584 WARNING minga-demo py.warnings: C:\workspace\odoo\odoo\api.py:482: DeprecationWarning: The model odoo.addons.l10n_il_invoicing.models.il_vat_report is not overriding the create method in batch
  File "C:\workspace\odoo\odoo-bin", line 8, in <module>
    odoo.cli.main()
  File "C:\workspace\odoo\odoo\cli\command.py", line 66, in main
    o.run(args)
  File "C:\workspace\odoo\odoo\cli\server.py", line 182, in run
    main(args)
  File "C:\workspace\odoo\odoo\cli\server.py", line 175, in main
    rc = odoo.service.server.start(preload=preload, stop=stop)
  File "C:\workspace\odoo\odoo\service\server.py", line 1424, in start
    rc = server.run(preload, stop)
  File "C:\workspace\odoo\odoo\service\server.py", line 589, in run
    rc = preload_registries(preload)
  File "C:\workspace\odoo\odoo\service\server.py", line 1328, in preload_registries
    registry = Registry.new(dbname, update_module=update_module)
  File "C:\workspace\odoo\venv\Lib\site-packages\decorator.py", line 232, in fun
    return caller(func, *(extras + args), **kw)
  File "C:\workspace\odoo\odoo\tools\func.py", line 97, in locked
    return func(inst, *args, **kwargs)
  File "C:\workspace\odoo\odoo\modules\registry.py", line 127, in new
    odoo.modules.load_modules(registry, force_demo, status, update_module)
  File "C:\workspace\odoo\odoo\modules\loading.py", line 480, in load_modules
    processed_modules += load_marked_modules(env, graph,
  File "C:\workspace\odoo\odoo\modules\loading.py", line 365, in load_marked_modules
    loaded, processed = load_module_graph(
  File "C:\workspace\odoo\odoo\modules\loading.py", line 186, in load_module_graph
    load_openerp_module(package.name)
  File "C:\workspace\odoo\odoo\modules\module.py", line 384, in load_openerp_module
    __import__(qualname)
  File "c:\workspace\odoo\addons\l10n_il_invoicing\__init__.py", line 1, in <module>
    from . import models
  File "c:\workspace\odoo\addons\l10n_il_invoicing\models\__init__.py", line 3, in <module>
    from . import il_vat_report
  File "c:\workspace\odoo\addons\l10n_il_invoicing\models\il_vat_report.py", line 14, in <module>
    class IsraeliVatReport(models.Model):
  File "c:\workspace\odoo\addons\l10n_il_invoicing\models\il_vat_report.py", line 48, in IsraeliVatReport
    @api.model
  File "C:\workspace\odoo\odoo\api.py", line 429, in model
    return model_create_single(method)
  File "C:\workspace\odoo\odoo\api.py", line 482, in model_create_single
    warnings.warn(
 
2025-05-19 18:33:24,960 25584 WARNING minga-demo odoo.tools.translate: no translation language detected, skipping translation <frame at 0x0000026B93DD42B0, file 'c:\\workspace\\odoo\\custom_addons\\accountant\\om_account_followup\\wizard\\followup_print.py', line 34, code FollowupPrint> 
Stack (most recent call last):
  File "C:\workspace\odoo\odoo-bin", line 8, in <module>
    odoo.cli.main()
  File "C:\workspace\odoo\odoo\cli\command.py", line 66, in main
    o.run(args)
  File "C:\workspace\odoo\odoo\cli\server.py", line 182, in run
    main(args)
  File "C:\workspace\odoo\odoo\cli\server.py", line 175, in main
    rc = odoo.service.server.start(preload=preload, stop=stop)
  File "C:\workspace\odoo\odoo\service\server.py", line 1424, in start
    rc = server.run(preload, stop)
  File "C:\workspace\odoo\odoo\service\server.py", line 589, in run
    rc = preload_registries(preload)
  File "C:\workspace\odoo\odoo\service\server.py", line 1328, in preload_registries
    registry = Registry.new(dbname, update_module=update_module)
  File "C:\workspace\odoo\venv\Lib\site-packages\decorator.py", line 232, in fun
    return caller(func, *(extras + args), **kw)
  File "C:\workspace\odoo\odoo\tools\func.py", line 97, in locked
    return func(inst, *args, **kwargs)
  File "C:\workspace\odoo\odoo\modules\registry.py", line 127, in new
    odoo.modules.load_modules(registry, force_demo, status, update_module)
  File "C:\workspace\odoo\odoo\modules\loading.py", line 480, in load_modules
    processed_modules += load_marked_modules(env, graph,
  File "C:\workspace\odoo\odoo\modules\loading.py", line 365, in load_marked_modules
    loaded, processed = load_module_graph(
  File "C:\workspace\odoo\odoo\modules\loading.py", line 186, in load_module_graph
    load_openerp_module(package.name)
  File "C:\workspace\odoo\odoo\modules\module.py", line 384, in load_openerp_module
    __import__(qualname)
  File "<frozen importlib._bootstrap>", line 1360, in _find_and_load
  File "<frozen importlib._bootstrap>", line 1331, in _find_and_load_unlocked
  File "<frozen importlib._bootstrap>", line 935, in _load_unlocked
  File "<frozen importlib._bootstrap_external>", line 995, in exec_module
  File "<frozen importlib._bootstrap>", line 488, in _call_with_frames_removed
  File "c:\workspace\odoo\custom_addons\accountant\om_account_followup\__init__.py", line 1, in <module>
    from . import wizard
  File "<frozen importlib._bootstrap>", line 1415, in _handle_fromlist
  File "<frozen importlib._bootstrap>", line 488, in _call_with_frames_removed
  File "<frozen importlib._bootstrap>", line 1360, in _find_and_load
  File "<frozen importlib._bootstrap>", line 1331, in _find_and_load_unlocked
  File "<frozen importlib._bootstrap>", line 935, in _load_unlocked
  File "<frozen importlib._bootstrap_external>", line 995, in exec_module
  File "<frozen importlib._bootstrap>", line 488, in _call_with_frames_removed
  File "c:\workspace\odoo\custom_addons\accountant\om_account_followup\wizard\__init__.py", line 1, in <module>
    from . import followup_print
  File "<frozen importlib._bootstrap>", line 1415, in _handle_fromlist
  File "<frozen importlib._bootstrap>", line 488, in _call_with_frames_removed
  File "<frozen importlib._bootstrap>", line 1360, in _find_and_load
  File "<frozen importlib._bootstrap>", line 1331, in _find_and_load_unlocked
  File "<frozen importlib._bootstrap>", line 935, in _load_unlocked
  File "<frozen importlib._bootstrap_external>", line 995, in exec_module
  File "<frozen importlib._bootstrap>", line 488, in _call_with_frames_removed
  File "c:\workspace\odoo\custom_addons\accountant\om_account_followup\wizard\followup_print.py", line 7, in <module>
    class FollowupPrint(models.TransientModel):
  File "c:\workspace\odoo\custom_addons\accountant\om_account_followup\wizard\followup_print.py", line 34, in FollowupPrint
    default=_('Invoices Reminder'))
  File "C:\workspace\odoo\odoo\tools\translate.py", line 607, in get_text_alias
    module, lang = _get_translation_source(1)
  File "C:\workspace\odoo\odoo\tools\translate.py", line 596, in _get_translation_source
    lang = lang or _get_lang(frame, default_lang)
  File "C:\workspace\odoo\odoo\tools\translate.py", line 587, in _get_lang
    _logger.log(log_level, 'no translation language detected, skipping translation %s', frame, stack_info=True)
2025-05-19 18:33:24,980 25584 INFO minga-demo odoo.modules.loading: 71 modules loaded in 0.50s, 0 queries (+0 extra) 
2025-05-19 18:33:25,098 25584 ERROR minga-demo odoo.modules.loading: Some modules are not loaded, some dependencies or manifest may be missing: ['l10n_il_origen'] 
2025-05-19 18:33:25,552 25584 INFO minga-demo odoo.modules.loading: Modules loaded. 
2025-05-19 18:33:25,574 25584 INFO minga-demo odoo.modules.registry: Registry changed, signaling through the database 
2025-05-19 18:33:25,574 25584 INFO minga-demo odoo.modules.registry: Registry loaded in 1.896s 
2025-05-19 18:33:26,684 25584 INFO minga-demo odoo.addons.base.models.ir_http: Generating routing map for key None 
2025-05-19 18:33:27,783 25584 INFO minga-demo werkzeug: 127.0.0.1 - - [19/May/2025 18:33:27] "GET /odoo/action-419/56 HTTP/1.1" 200 - 95 0.027 1.102
2025-05-19 18:33:27,914 25584 INFO minga-demo werkzeug: 127.0.0.1 - - [19/May/2025 18:33:27] "GET /bus/websocket_worker_bundle?v=18.0-4 HTTP/1.1" 304 - 4 0.003 0.004
2025-05-19 18:33:27,968 25584 INFO minga-demo werkzeug: 127.0.0.1 - - [19/May/2025 18:33:27] "GET /web/image?model=res.users&field=avatar_128&id=12 HTTP/1.1" 304 - 17 0.000 0.023
2025-05-19 18:33:28,400 25584 INFO minga-demo werkzeug: 127.0.0.1 - - [19/May/2025 18:33:28] "POST /web/action/load HTTP/1.1" 200 - 11 0.016 0.133
2025-05-19 18:33:28,400 25584 INFO minga-demo werkzeug: 127.0.0.1 - - [19/May/2025 18:33:28] "GET /websocket?version=18.0-4 HTTP/1.1" 101 - 1 0.001 0.115
2025-05-19 18:33:28,416 25584 INFO minga-demo werkzeug: 127.0.0.1 - - [19/May/2025 18:33:28] "POST /web/dataset/call_kw/mail.push.device/register_devices HTTP/1.1" 200 - 7 0.000 0.149
2025-05-19 18:33:28,417 25584 INFO minga-demo werkzeug: 127.0.0.1 - - [19/May/2025 18:33:28] "GET /web/manifest.webmanifest HTTP/1.1" 200 - 9 0.002 0.147
2025-05-19 18:33:28,433 25584 INFO minga-demo werkzeug: 127.0.0.1 - - [19/May/2025 18:33:28] "POST /mail/data HTTP/1.1" 200 - 33 0.032 0.149
2025-05-19 18:33:28,747 25584 INFO ? odoo.addons.bus.models.bus: Bus.loop listen imbus on db postgres 
2025-05-19 18:33:28,799 25584 INFO minga-demo werkzeug: 127.0.0.1 - - [19/May/2025 18:33:28] "POST /web/dataset/call_kw/l10n.il.vat.report/get_views HTTP/1.1" 200 - 34 0.035 0.047
2025-05-19 18:33:29,151 25584 INFO minga-demo werkzeug: 127.0.0.1 - - [19/May/2025 18:33:29] "POST /web/dataset/call_kw/l10n.il.vat.report/web_read HTTP/1.1" 200 - 11 0.019 0.010
2025-05-19 18:33:29,987 25584 INFO minga-demo werkzeug: 127.0.0.1 - - [19/May/2025 18:33:29] "GET /web/service-worker.js HTTP/1.1" 200 - 1 0.001 0.007
2025-05-19 18:33:34,662 25584 INFO minga-demo werkzeug: 127.0.0.1 - - [19/May/2025 18:33:34] "POST /web/dataset/call_kw/l10n.il.vat.report/onchange HTTP/1.1" 200 - 2 0.002 0.007
2025-05-19 18:33:43,692 25584 INFO minga-demo werkzeug: 127.0.0.1 - - [19/May/2025 18:33:43] "POST /web/dataset/call_kw/l10n.il.vat.report/onchange HTTP/1.1" 200 - 1 0.001 0.008
2025-05-19 18:33:50,420 25584 INFO minga-demo werkzeug: 127.0.0.1 - - [19/May/2025 18:33:50] "POST /web/dataset/call_kw/l10n.il.vat.report/web_save HTTP/1.1" 200 - 7 0.009 0.019
2025-05-19 18:33:50,670 25584 INFO minga-demo odoo.addons.l10n_il_invoicing.models.il_vat_report: Found 2 moves for VAT report calculation 
2025-05-19 18:33:50,718 25584 INFO minga-demo werkzeug: 127.0.0.1 - - [19/May/2025 18:33:50] "POST /web/dataset/call_button/l10n.il.vat.report/action_calculate HTTP/1.1" 200 - 32 0.030 0.036
2025-05-19 18:33:50,747 25584 INFO minga-demo werkzeug: 127.0.0.1 - - [19/May/2025 18:33:50] "POST /web/dataset/call_kw/l10n.il.vat.report/web_read HTTP/1.1" 200 - 8 0.004 0.014
2025-05-19 18:33:51,372 25584 INFO minga-demo odoo.addons.l10n_il_invoicing.models.il_vat_report: Formatted company VAT: '055022362' 
2025-05-19 18:33:51,373 25584 INFO minga-demo odoo.addons.l10n_il_invoicing.models.il_vat_report: Generated header line (length: 147): O055022362202504120250519+00000014700+000002646+00000000000+000000000+00000000000+00000000000+00000000000+000230000+000000000+00000000002+000006786 
2025-05-19 18:33:51,374 25584 INFO minga-demo odoo.addons.l10n_il_invoicing.models.il_vat_report: Valid example length: 131 
2025-05-19 18:33:51,374 25584 INFO minga-demo odoo.addons.l10n_il_invoicing.models.il_vat_report: Your current format: O055022362202504120250519+00000014700+000002646+00000000000+000000000+00000000000+00000000000+00000000000+000230000+00000000000+000 
2025-05-19 18:33:51,374 25584 INFO minga-demo odoo.addons.l10n_il_invoicing.models.il_vat_report: Fixed format should be: O055022362202504120250519+00000014700+000002646+00000000000+000000000+00000000000+00000000000+00000000000+000230000+00000000000+000000000 
2025-05-19 18:33:51,374 25584 INFO minga-demo odoo.addons.l10n_il_invoicing.models.il_vat_report: VAT on imports field: '000006786' (length: 9) 
2025-05-19 18:33:51,388 25584 INFO minga-demo odoo.addons.l10n_il_invoicing.models.il_vat_report: Sales record: 'S00000000025050400000000010000000014700+00000026460000000000' (length: 60) 
2025-05-19 18:33:51,389 25584 INFO minga-demo odoo.addons.l10n_il_invoicing.models.il_vat_report: Purchase record: '000000000025050400000000010000000230000-00000414000000000000' (length: 60) 
2025-05-19 18:33:51,389 25584 INFO minga-demo odoo.addons.l10n_il_invoicing.models.il_vat_report: ===== FINAL OUTPUT ===== 
2025-05-19 18:33:51,389 25584 INFO minga-demo odoo.addons.l10n_il_invoicing.models.il_vat_report: O055022362202504120250519+00000014700+000002646+00000000000+000000000+00000000000+00000000000+00000000000+000230000+000000000+00000000002+000006786 
2025-05-19 18:33:51,389 25584 INFO minga-demo odoo.addons.l10n_il_invoicing.models.il_vat_report: S00000000025050400000000010000000014700+00000026460000000000 
2025-05-19 18:33:51,389 25584 INFO minga-demo odoo.addons.l10n_il_invoicing.models.il_vat_report: 000000000025050400000000010000000230000-00000414000000000000 
2025-05-19 18:33:51,389 25584 INFO minga-demo odoo.addons.l10n_il_invoicing.models.il_vat_report: X055022362 
2025-05-19 18:33:51,389 25584 INFO minga-demo odoo.addons.l10n_il_invoicing.models.il_vat_report: ======================== 
2025-05-19 18:33:51,419 25584 INFO minga-demo werkzeug: 127.0.0.1 - - [19/May/2025 18:33:51] "POST /web/dataset/call_button/l10n.il.vat.report/action_generate_file HTTP/1.1" 200 - 19 0.015 0.043
2025-05-19 18:33:55,020 25584 INFO minga-demo werkzeug: 127.0.0.1 - - [19/May/2025 18:33:55] "POST /web/dataset/call_kw/l10n.il.vat.report/web_search_read HTTP/1.1" 200 - 2 0.001 0.004
2025-05-19 18:33:55,078 25584 INFO minga-demo werkzeug: 127.0.0.1 - - [19/May/2025 18:33:55] "POST /web/dataset/call_kw/res.users/has_group HTTP/1.1" 200 - 1 0.000 0.005
2025-05-19 18:33:56,378 25584 INFO minga-demo werkzeug: 127.0.0.1 - - [19/May/2025 18:33:56] "POST /web/dataset/call_kw/l10n.il.vat.report/web_read HTTP/1.1" 200 - 9 0.008 0.015
2025-05-19 18:33:58,035 25584 WARNING minga-demo odoo.http: <function odoo.addons.web.controllers.binary.content_common> called ignoring args {'data', 'token'} 
2025-05-19 18:33:58,041 25584 INFO minga-demo werkzeug: 127.0.0.1 - - [19/May/2025 18:33:58] "POST /web/content HTTP/1.1" 200 - 5 0.003 0.010
2025-05-19 18:34:25,615 25584 INFO minga-demo odoo.addons.base.models.ir_cron: Job 'CRM: enrich leads (IAP)' (25) starting 
2025-05-19 18:34:25,622 25584 INFO minga-demo odoo.addons.base.models.ir_cron: Job 'CRM: enrich leads (IAP)' (25) done in 0.007s 
2025-05-19 18:34:25,625 25584 INFO minga-demo odoo.addons.base.models.ir_cron: Job 'CRM: enrich leads (IAP)' (25) processed 0 records, 0 records remaining 
2025-05-19 18:34:25,629 25584 INFO minga-demo odoo.addons.base.models.ir_cron: Job 'CRM: enrich leads (IAP)' (25) completed 
2025-05-19 18:46:25,852 25584 INFO minga-demo odoo.addons.base.models.ir_cron: Job 'Notification: Notify scheduled messages' (8) starting 
2025-05-19 18:46:25,858 25584 INFO minga-demo odoo.addons.base.models.ir_cron: Job 'Notification: Notify scheduled messages' (8) done in 0.006s 
2025-05-19 18:46:25,862 25584 INFO minga-demo odoo.addons.base.models.ir_cron: Job 'Notification: Notify scheduled messages' (8) processed 0 records, 0 records remaining 
2025-05-19 18:46:25,866 25584 INFO minga-demo odoo.addons.base.models.ir_cron: Job 'Notification: Notify scheduled messages' (8) completed 
2025-05-19 18:46:25,874 25584 INFO minga-demo odoo.addons.base.models.ir_cron: Job 'Mail: Email Queue Manager' (3) starting 
2025-05-19 18:46:25,882 25584 INFO minga-demo odoo.addons.base.models.ir_cron: Job 'Mail: Email Queue Manager' (3) done in 0.008s 
2025-05-19 18:46:25,885 25584 INFO minga-demo odoo.addons.base.models.ir_cron: Job 'Mail: Email Queue Manager' (3) processed 0 records, 0 records remaining 
2025-05-19 18:46:25,890 25584 INFO minga-demo odoo.addons.base.models.ir_cron: Job 'Mail: Email Queue Manager' (3) completed 
2025-05-19 18:46:38,924 25584 INFO minga-demo odoo.addons.base.models.ir_cron: Job 'SMS: SMS Queue Manager' (14) starting 
2025-05-19 18:46:38,928 25584 INFO minga-demo odoo.addons.base.models.ir_cron: Job 'SMS: SMS Queue Manager' (14) done in 0.004s 
2025-05-19 18:46:38,931 25584 INFO minga-demo odoo.addons.base.models.ir_cron: Job 'SMS: SMS Queue Manager' (14) processed 0 records, 0 records remaining 
2025-05-19 18:46:38,933 25584 INFO minga-demo odoo.addons.base.models.ir_cron: Job 'SMS: SMS Queue Manager' (14) completed 
2025-05-19 18:46:38,937 25584 INFO minga-demo odoo.addons.base.models.ir_cron: Job 'Snailmail: process letters queue' (15) starting 
2025-05-19 18:46:38,939 25584 INFO minga-demo odoo.addons.base.models.ir_cron: Job 'Snailmail: process letters queue' (15) done in 0.002s 
2025-05-19 18:46:38,941 25584 INFO minga-demo odoo.addons.base.models.ir_cron: Job 'Snailmail: process letters queue' (15) processed 0 records, 0 records remaining 
2025-05-19 18:46:38,944 25584 INFO minga-demo odoo.addons.base.models.ir_cron: Job 'Snailmail: process letters queue' (15) completed 
2025-05-19 18:46:38,948 25584 INFO minga-demo odoo.addons.base.models.ir_cron: Job 'Partner Autocomplete: Sync with remote DB' (13) starting 
2025-05-19 18:46:38,949 25584 INFO minga-demo odoo.addons.base.models.ir_cron: Job 'Partner Autocomplete: Sync with remote DB' (13) done in 0.001s 
2025-05-19 18:46:38,951 25584 INFO minga-demo odoo.addons.base.models.ir_cron: Job 'Partner Autocomplete: Sync with remote DB' (13) processed 0 records, 0 records remaining 
2025-05-19 18:46:38,953 25584 INFO minga-demo odoo.addons.base.models.ir_cron: Job 'Partner Autocomplete: Sync with remote DB' (13) completed 
2025-05-19 19:06:23,064 25584 INFO minga-demo odoo.addons.base.models.res_device: User 12 inserts device log (VM5SdrH5QUX2NfjU663PvZC9ck9QjN3qqHDhsVt0DG) 
2025-05-19 19:31:23,973 25584 INFO minga-demo odoo.addons.base.models.ir_cron: Job 'CRM: enrich leads (IAP)' (25) starting 
2025-05-19 19:31:23,986 25584 INFO minga-demo odoo.addons.base.models.ir_cron: Job 'CRM: enrich leads (IAP)' (25) done in 0.013s 
2025-05-19 19:31:23,991 25584 INFO minga-demo odoo.addons.base.models.ir_cron: Job 'CRM: enrich leads (IAP)' (25) processed 0 records, 0 records remaining 
2025-05-19 19:31:23,998 25584 INFO minga-demo odoo.addons.base.models.ir_cron: Job 'CRM: enrich leads (IAP)' (25) completed 
2025-05-20 02:46:00,265 25584 INFO minga-demo odoo.addons.base.models.ir_cron: Job 'Notification: Notify scheduled messages' (8) starting 
2025-05-20 02:46:00,266 25584 INFO minga-demo odoo.addons.base.models.ir_cron: Job 'SMS: SMS Queue Manager' (14) starting 
2025-05-20 02:46:00,274 25584 INFO minga-demo odoo.addons.base.models.ir_cron: Job 'Notification: Notify scheduled messages' (8) done in 0.009s 
2025-05-20 02:46:00,275 25584 INFO minga-demo odoo.addons.base.models.ir_cron: Job 'SMS: SMS Queue Manager' (14) done in 0.009s 
2025-05-20 02:46:00,280 25584 INFO minga-demo odoo.addons.base.models.ir_cron: Job 'Notification: Notify scheduled messages' (8) processed 0 records, 0 records remaining 
2025-05-20 02:46:00,280 25584 INFO minga-demo odoo.addons.base.models.ir_cron: Job 'SMS: SMS Queue Manager' (14) processed 0 records, 0 records remaining 
2025-05-20 02:46:00,291 25584 INFO minga-demo odoo.addons.base.models.ir_cron: Job 'Notification: Notify scheduled messages' (8) completed 
2025-05-20 02:46:00,291 25584 INFO minga-demo odoo.addons.base.models.ir_cron: Job 'SMS: SMS Queue Manager' (14) completed 
2025-05-20 02:46:00,304 25584 INFO minga-demo odoo.addons.base.models.ir_cron: Job 'Snailmail: process letters queue' (15) starting 
2025-05-20 02:46:00,306 25584 INFO minga-demo odoo.addons.base.models.ir_cron: Job 'Account: Post draft entries with auto_post enabled and accounting date up to today' (18) starting 
2025-05-20 02:46:00,312 25584 INFO minga-demo odoo.addons.base.models.ir_cron: Job 'Snailmail: process letters queue' (15) done in 0.008s 
2025-05-20 02:46:00,316 25584 INFO minga-demo odoo.addons.base.models.ir_cron: Job 'Snailmail: process letters queue' (15) processed 0 records, 0 records remaining 
2025-05-20 02:46:00,322 25584 INFO minga-demo odoo.addons.base.models.ir_cron: Job 'Snailmail: process letters queue' (15) completed 
2025-05-20 02:46:00,335 25584 INFO minga-demo odoo.addons.base.models.ir_cron: Job 'CRM: enrich leads (IAP)' (25) starting 
2025-05-20 02:46:00,336 25584 INFO minga-demo odoo.addons.base.models.ir_cron: Job 'Account: Post draft entries with auto_post enabled and accounting date up to today' (18) done in 0.030s 
2025-05-20 02:46:00,341 25584 INFO minga-demo odoo.addons.base.models.ir_cron: Job 'Account: Post draft entries with auto_post enabled and accounting date up to today' (18) processed 0 records, 0 records remaining 
2025-05-20 02:46:00,346 25584 INFO minga-demo odoo.addons.base.models.ir_cron: Job 'CRM: enrich leads (IAP)' (25) done in 0.010s 
2025-05-20 02:46:00,346 25584 INFO minga-demo odoo.addons.base.models.ir_cron: Job 'Account: Post draft entries with auto_post enabled and accounting date up to today' (18) completed 
2025-05-20 02:46:00,350 25584 INFO minga-demo odoo.addons.base.models.ir_cron: Job 'CRM: enrich leads (IAP)' (25) processed 0 records, 0 records remaining 
2025-05-20 02:46:00,355 25584 INFO minga-demo odoo.addons.base.models.ir_cron: Job 'CRM: enrich leads (IAP)' (25) completed 
2025-05-20 02:46:00,360 25584 INFO minga-demo odoo.addons.base.models.ir_cron: Job 'Mail: Email Queue Manager' (3) starting 
2025-05-20 02:46:00,368 25584 INFO minga-demo odoo.addons.base.models.ir_cron: Job 'Mail: Email Queue Manager' (3) done in 0.008s 
2025-05-20 02:46:00,368 25584 INFO minga-demo odoo.addons.base.models.ir_cron: Job 'Partner Autocomplete: Sync with remote DB' (13) starting 
2025-05-20 02:46:00,374 25584 INFO minga-demo odoo.addons.base.models.ir_cron: Job 'Partner Autocomplete: Sync with remote DB' (13) done in 0.005s 
2025-05-20 02:46:00,374 25584 INFO minga-demo odoo.addons.base.models.ir_cron: Job 'Mail: Email Queue Manager' (3) processed 0 records, 0 records remaining 
2025-05-20 02:46:00,379 25584 INFO minga-demo odoo.addons.base.models.ir_cron: Job 'Partner Autocomplete: Sync with remote DB' (13) processed 0 records, 0 records remaining 
2025-05-20 02:46:00,380 25584 INFO minga-demo odoo.addons.base.models.ir_cron: Job 'Mail: Email Queue Manager' (3) completed 
2025-05-20 02:46:00,385 25584 INFO minga-demo odoo.addons.base.models.ir_cron: Job 'Partner Autocomplete: Sync with remote DB' (13) completed 
2025-05-20 04:20:26,294 25584 INFO minga-demo odoo.addons.base.models.ir_cron: Job 'Notification: Notify scheduled messages' (8) starting 
2025-05-20 04:20:26,296 25584 INFO minga-demo odoo.addons.base.models.ir_cron: Job 'SMS: SMS Queue Manager' (14) starting 
2025-05-20 04:20:26,303 25584 INFO minga-demo odoo.addons.base.models.ir_cron: Job 'Notification: Notify scheduled messages' (8) done in 0.008s 
2025-05-20 04:20:26,306 25584 INFO minga-demo odoo.addons.base.models.ir_cron: Job 'SMS: SMS Queue Manager' (14) done in 0.008s 
2025-05-20 04:20:26,307 25584 INFO minga-demo odoo.addons.base.models.ir_cron: Job 'Notification: Notify scheduled messages' (8) processed 0 records, 0 records remaining 
2025-05-20 04:20:26,311 25584 INFO minga-demo odoo.addons.base.models.ir_cron: Job 'SMS: SMS Queue Manager' (14) processed 0 records, 0 records remaining 
2025-05-20 04:20:26,317 25584 INFO minga-demo odoo.addons.base.models.ir_cron: Job 'Notification: Notify scheduled messages' (8) completed 
2025-05-20 04:20:26,320 25584 INFO minga-demo odoo.addons.base.models.ir_cron: Job 'SMS: SMS Queue Manager' (14) completed 
2025-05-20 04:20:26,328 25584 INFO minga-demo odoo.addons.base.models.ir_cron: Job 'Snailmail: process letters queue' (15) starting 
2025-05-20 04:20:26,331 25584 INFO minga-demo odoo.addons.base.models.ir_cron: Job 'CRM: enrich leads (IAP)' (25) starting 
2025-05-20 04:20:26,336 25584 INFO minga-demo odoo.addons.base.models.ir_cron: Job 'Snailmail: process letters queue' (15) done in 0.007s 
2025-05-20 04:20:26,340 25584 INFO minga-demo odoo.addons.base.models.ir_cron: Job 'CRM: enrich leads (IAP)' (25) done in 0.009s 
2025-05-20 04:20:26,340 25584 INFO minga-demo odoo.addons.base.models.ir_cron: Job 'Snailmail: process letters queue' (15) processed 0 records, 0 records remaining 
2025-05-20 04:20:26,345 25584 INFO minga-demo odoo.addons.base.models.ir_cron: Job 'Snailmail: process letters queue' (15) completed 
2025-05-20 04:20:26,348 25584 INFO minga-demo odoo.addons.base.models.ir_cron: Job 'CRM: enrich leads (IAP)' (25) processed 0 records, 0 records remaining 
2025-05-20 04:20:26,353 25584 INFO minga-demo odoo.addons.base.models.ir_cron: Job 'CRM: enrich leads (IAP)' (25) completed 
2025-05-20 04:20:26,360 25584 INFO minga-demo odoo.addons.base.models.ir_cron: Job 'Mail: Email Queue Manager' (3) starting 
2025-05-20 04:20:26,367 25584 INFO minga-demo odoo.addons.base.models.ir_cron: Job 'Mail: Email Queue Manager' (3) done in 0.007s 
2025-05-20 04:20:26,367 25584 INFO minga-demo odoo.addons.base.models.ir_cron: Job 'Partner Autocomplete: Sync with remote DB' (13) starting 
2025-05-20 04:20:26,371 25584 INFO minga-demo odoo.addons.base.models.ir_cron: Job 'Mail: Email Queue Manager' (3) processed 0 records, 0 records remaining 
2025-05-20 04:20:26,374 25584 INFO minga-demo odoo.addons.base.models.ir_cron: Job 'Partner Autocomplete: Sync with remote DB' (13) done in 0.006s 
2025-05-20 04:20:26,375 25584 INFO minga-demo odoo.addons.base.models.ir_cron: Job 'Mail: Email Queue Manager' (3) completed 
2025-05-20 04:20:26,379 25584 INFO minga-demo odoo.addons.base.models.ir_cron: Job 'Partner Autocomplete: Sync with remote DB' (13) processed 0 records, 0 records remaining 
2025-05-20 04:20:26,384 25584 INFO minga-demo odoo.addons.base.models.ir_cron: Job 'Partner Autocomplete: Sync with remote DB' (13) completed 
2025-05-20 04:20:30,291 25584 INFO minga-demo odoo.addons.base.models.res_device: User 12 inserts device log (VM5SdrH5QUX2NfjU663PvZC9ck9QjN3qqHDhsVt0DG) 
2025-05-20 04:20:30,298 25584 INFO minga-demo werkzeug: 127.0.0.1 - - [20/May/2025 04:20:30] "GET /websocket?version=18.0-4 HTTP/1.1" 101 - 2 0.003 0.011
2025-05-20 04:20:32,442 25584 INFO minga-demo werkzeug: 127.0.0.1 - - [20/May/2025 04:20:32] "POST /bus/has_missed_notifications HTTP/1.1" 200 - 2 0.002 0.004
2025-05-20 04:28:54,463 25584 INFO minga-demo werkzeug: 127.0.0.1 - - [20/May/2025 04:28:54] "GET /websocket?version=18.0-4 HTTP/1.1" 101 - 1 0.000 0.005
2025-05-20 04:28:54,788 25584 INFO minga-demo werkzeug: 127.0.0.1 - - [20/May/2025 04:28:54] "POST /bus/has_missed_notifications HTTP/1.1" 200 - 2 0.003 0.004
2025-05-20 04:30:51,766 25584 INFO minga-demo odoo.addons.base.models.ir_cron: Job 'CRM: enrich leads (IAP)' (25) starting 
2025-05-20 04:30:51,780 25584 INFO minga-demo odoo.addons.base.models.ir_cron: Job 'CRM: enrich leads (IAP)' (25) done in 0.014s 
2025-05-20 04:30:51,784 25584 INFO minga-demo odoo.addons.base.models.ir_cron: Job 'CRM: enrich leads (IAP)' (25) processed 0 records, 0 records remaining 
2025-05-20 04:30:51,790 25584 INFO minga-demo odoo.addons.base.models.ir_cron: Job 'CRM: enrich leads (IAP)' (25) completed 
2025-05-20 04:37:15,871 25584 INFO minga-demo werkzeug: 127.0.0.1 - - [20/May/2025 04:37:15] "POST /web/dataset/call_kw/l10n.il.vat.report/web_save HTTP/1.1" 200 - 11 0.014 0.023
2025-05-20 04:37:16,087 25584 INFO minga-demo werkzeug: 127.0.0.1 - - [20/May/2025 04:37:16] "POST /web/dataset/call_kw/l10n.il.vat.report/onchange HTTP/1.1" 200 - 1 0.001 0.004
2025-05-20 04:37:23,071 25584 INFO minga-demo werkzeug: 127.0.0.1 - - [20/May/2025 04:37:23] "GET /odoo/action-419/new HTTP/1.1" 200 - 14 0.014 0.026
2025-05-20 04:37:23,457 25584 INFO minga-demo werkzeug: 127.0.0.1 - - [20/May/2025 04:37:23] "GET /bus/websocket_worker_bundle?v=18.0-4 HTTP/1.1" 304 - 3 0.002 0.006
2025-05-20 04:37:23,900 25584 INFO minga-demo werkzeug: 127.0.0.1 - - [20/May/2025 04:37:23] "POST /web/action/load HTTP/1.1" 200 - 10 0.018 0.083
2025-05-20 04:37:23,901 25584 INFO minga-demo werkzeug: 127.0.0.1 - - [20/May/2025 04:37:23] "POST /mail/data HTTP/1.1" 200 - 19 0.023 0.078
2025-05-20 04:37:23,915 25584 INFO minga-demo werkzeug: 127.0.0.1 - - [20/May/2025 04:37:23] "POST /web/dataset/call_kw/mail.push.device/register_devices HTTP/1.1" 200 - 6 0.010 0.104
2025-05-20 04:37:23,919 25584 INFO minga-demo werkzeug: 127.0.0.1 - - [20/May/2025 04:37:23] "GET /websocket?version=18.0-4 HTTP/1.1" 101 - 1 0.002 0.100
2025-05-20 04:37:23,922 25584 INFO minga-demo werkzeug: 127.0.0.1 - - [20/May/2025 04:37:23] "GET /web/manifest.webmanifest HTTP/1.1" 200 - 7 0.013 0.107
2025-05-20 04:37:23,937 25584 INFO minga-demo werkzeug: 127.0.0.1 - - [20/May/2025 04:37:23] "GET /web/image?model=res.users&field=avatar_128&id=12 HTTP/1.1" 304 - 9 0.019 0.115
2025-05-20 04:37:24,081 25584 INFO minga-demo werkzeug: 127.0.0.1 - - [20/May/2025 04:37:24] "POST /web/dataset/call_kw/l10n.il.vat.report/get_views HTTP/1.1" 200 - 2 0.002 0.012
2025-05-20 04:37:24,213 25584 INFO minga-demo werkzeug: 127.0.0.1 - - [20/May/2025 04:37:24] "POST /web/dataset/call_kw/l10n.il.vat.report/onchange HTTP/1.1" 200 - 1 0.000 0.004
2025-05-20 04:37:25,538 25584 INFO minga-demo werkzeug: 127.0.0.1 - - [20/May/2025 04:37:25] "GET /web/service-worker.js HTTP/1.1" 200 - 1 0.001 0.007
2025-05-20 04:37:34,098 25584 INFO minga-demo werkzeug: 127.0.0.1 - - [20/May/2025 04:37:34] "POST /web/dataset/call_kw/l10n.il.vat.report/onchange HTTP/1.1" 200 - 1 0.001 0.005
2025-05-20 04:37:38,322 25584 INFO minga-demo werkzeug: 127.0.0.1 - - [20/May/2025 04:37:38] "POST /web/dataset/call_kw/l10n.il.vat.report/web_save HTTP/1.1" 200 - 6 0.009 0.017
2025-05-20 04:37:38,647 25584 INFO minga-demo odoo.addons.l10n_il_invoicing.models.il_vat_report: Found 2 moves for VAT report calculation 
2025-05-20 04:37:38,689 25584 INFO minga-demo werkzeug: 127.0.0.1 - - [20/May/2025 04:37:38] "POST /web/dataset/call_button/l10n.il.vat.report/action_calculate HTTP/1.1" 200 - 18 0.019 0.034
2025-05-20 04:37:38,918 25584 INFO minga-demo werkzeug: 127.0.0.1 - - [20/May/2025 04:37:38] "POST /web/dataset/call_kw/l10n.il.vat.report/web_read HTTP/1.1" 200 - 8 0.009 0.011
2025-05-20 04:37:39,530 25584 INFO minga-demo odoo.addons.l10n_il_invoicing.models.il_vat_report: Formatted company VAT: '055022362' 
2025-05-20 04:37:39,532 25584 INFO minga-demo odoo.addons.l10n_il_invoicing.models.il_vat_report: Generated header line (length: 147): O055022362202503120250520+00000014700+000002646+00000000000+000000000+00000000000+00000000000+00000000000+000230000+000000000+00000000002+000006786 
2025-05-20 04:37:39,532 25584 INFO minga-demo odoo.addons.l10n_il_invoicing.models.il_vat_report: Valid example length: 131 
2025-05-20 04:37:39,532 25584 INFO minga-demo odoo.addons.l10n_il_invoicing.models.il_vat_report: Your current format: O055022362202504120250519+00000014700+000002646+00000000000+000000000+00000000000+00000000000+00000000000+000230000+00000000000+000 
2025-05-20 04:37:39,533 25584 INFO minga-demo odoo.addons.l10n_il_invoicing.models.il_vat_report: Fixed format should be: O055022362202504120250519+00000014700+000002646+00000000000+000000000+00000000000+00000000000+00000000000+000230000+00000000000+000000000 
2025-05-20 04:37:39,533 25584 INFO minga-demo odoo.addons.l10n_il_invoicing.models.il_vat_report: VAT on imports field: '000006786' (length: 9) 
2025-05-20 04:37:39,540 25584 INFO minga-demo odoo.addons.l10n_il_invoicing.models.il_vat_report: Sales record: 'S00000000025050400000000010000000014700+00000026460000000000' (length: 60) 
2025-05-20 04:37:39,541 25584 INFO minga-demo odoo.addons.l10n_il_invoicing.models.il_vat_report: Purchase record: '000000000025050400000000010000000230000-00000414000000000000' (length: 60) 
2025-05-20 04:37:39,541 25584 INFO minga-demo odoo.addons.l10n_il_invoicing.models.il_vat_report: ===== FINAL OUTPUT ===== 
2025-05-20 04:37:39,541 25584 INFO minga-demo odoo.addons.l10n_il_invoicing.models.il_vat_report: O055022362202503120250520+00000014700+000002646+00000000000+000000000+00000000000+00000000000+00000000000+000230000+000000000+00000000002+000006786 
2025-05-20 04:37:39,541 25584 INFO minga-demo odoo.addons.l10n_il_invoicing.models.il_vat_report: S00000000025050400000000010000000014700+00000026460000000000 
2025-05-20 04:37:39,541 25584 INFO minga-demo odoo.addons.l10n_il_invoicing.models.il_vat_report: 000000000025050400000000010000000230000-00000414000000000000 
2025-05-20 04:37:39,541 25584 INFO minga-demo odoo.addons.l10n_il_invoicing.models.il_vat_report: X055022362 
2025-05-20 04:37:39,542 25584 INFO minga-demo odoo.addons.l10n_il_invoicing.models.il_vat_report: ======================== 
2025-05-20 04:37:39,553 25584 INFO minga-demo werkzeug: 127.0.0.1 - - [20/May/2025 04:37:39] "POST /web/dataset/call_button/l10n.il.vat.report/action_generate_file HTTP/1.1" 200 - 12 0.011 0.024
2025-05-20 04:37:44,141 25584 INFO minga-demo werkzeug: 127.0.0.1 - - [20/May/2025 04:37:44] "POST /web/dataset/call_kw/l10n.il.vat.report/web_search_read HTTP/1.1" 200 - 2 0.003 0.007
2025-05-20 04:37:44,185 25584 INFO minga-demo werkzeug: 127.0.0.1 - - [20/May/2025 04:37:44] "POST /web/dataset/call_kw/res.users/has_group HTTP/1.1" 200 - 1 0.002 0.006
2025-05-20 04:38:03,578 25584 INFO minga-demo werkzeug: 127.0.0.1 - - [20/May/2025 04:38:03] "POST /web/dataset/call_kw/l10n.il.vat.report/web_read HTTP/1.1" 200 - 9 0.009 0.016
2025-05-20 04:38:03,916 25584 INFO minga-demo werkzeug: 127.0.0.1 - - [20/May/2025 04:38:03] "POST /web/dataset/call_kw/l10n.il.vat.report/web_read HTTP/1.1" 200 - 9 0.009 0.012
2025-05-20 04:38:06,129 25584 WARNING minga-demo odoo.http: <function odoo.addons.web.controllers.binary.content_common> called ignoring args {'data', 'token'} 
2025-05-20 04:38:06,134 25584 INFO minga-demo werkzeug: 127.0.0.1 - - [20/May/2025 04:38:06] "POST /web/content HTTP/1.1" 200 - 4 0.001 0.008
2025-05-20 04:38:22,000 25584 INFO minga-demo werkzeug: 127.0.0.1 - - [20/May/2025 04:38:22] "POST /web/dataset/call_kw/l10n.il.vat.report/web_search_read HTTP/1.1" 200 - 2 0.003 0.004
2025-05-20 04:38:28,930 25584 INFO minga-demo werkzeug: 127.0.0.1 - - [20/May/2025 04:38:28] "POST /web/dataset/call_kw/l10n.il.vat.report/web_read HTTP/1.1" 200 - 9 0.006 0.018
2025-05-20 04:38:31,897 25584 WARNING minga-demo odoo.http: <function odoo.addons.web.controllers.binary.content_common> called ignoring args {'data', 'token'} 
2025-05-20 04:38:31,901 25584 INFO minga-demo werkzeug: 127.0.0.1 - - [20/May/2025 04:38:31] "POST /web/content HTTP/1.1" 200 - 4 0.001 0.008
2025-05-20 04:45:34,856 25584 INFO minga-demo werkzeug: 127.0.0.1 - - [20/May/2025 04:45:34] "GET /odoo/action-419/58 HTTP/1.1" 200 - 14 0.010 0.028
2025-05-20 04:45:35,226 25584 INFO minga-demo werkzeug: 127.0.0.1 - - [20/May/2025 04:45:35] "GET /bus/websocket_worker_bundle?v=18.0-4 HTTP/1.1" 304 - 3 0.003 0.005
2025-05-20 04:45:35,282 25584 INFO minga-demo werkzeug: 127.0.0.1 - - [20/May/2025 04:45:35] "GET /web/image?model=res.users&field=avatar_128&id=12 HTTP/1.1" 304 - 9 0.009 0.009
2025-05-20 04:45:35,614 25584 INFO minga-demo werkzeug: 127.0.0.1 - - [20/May/2025 04:45:35] "POST /web/dataset/call_kw/mail.push.device/register_devices HTTP/1.1" 200 - 6 0.012 0.017
2025-05-20 04:45:35,615 25584 INFO minga-demo werkzeug: 127.0.0.1 - - [20/May/2025 04:45:35] "POST /web/action/load HTTP/1.1" 200 - 10 0.016 0.016
2025-05-20 04:45:35,629 25584 INFO minga-demo werkzeug: 127.0.0.1 - - [20/May/2025 04:45:35] "GET /websocket?version=18.0-4 HTTP/1.1" 101 - 1 0.002 0.024
2025-05-20 04:45:35,631 25584 INFO minga-demo werkzeug: 127.0.0.1 - - [20/May/2025 04:45:35] "GET /web/manifest.webmanifest HTTP/1.1" 200 - 7 0.013 0.031
2025-05-20 04:45:35,631 25584 INFO minga-demo werkzeug: 127.0.0.1 - - [20/May/2025 04:45:35] "POST /mail/data HTTP/1.1" 200 - 19 0.029 0.020
2025-05-20 04:45:35,960 25584 INFO minga-demo werkzeug: 127.0.0.1 - - [20/May/2025 04:45:35] "POST /web/dataset/call_kw/l10n.il.vat.report/get_views HTTP/1.1" 200 - 2 0.004 0.017
2025-05-20 04:45:36,292 25584 INFO minga-demo werkzeug: 127.0.0.1 - - [20/May/2025 04:45:36] "POST /web/dataset/call_kw/l10n.il.vat.report/web_read HTTP/1.1" 200 - 9 0.009 0.011
2025-05-20 04:45:37,185 25584 INFO minga-demo werkzeug: 127.0.0.1 - - [20/May/2025 04:45:37] "GET /web/service-worker.js HTTP/1.1" 200 - 1 0.002 0.005
2025-05-20 04:45:38,700 25584 INFO minga-demo werkzeug: 127.0.0.1 - - [20/May/2025 04:45:38] "POST /web/dataset/call_kw/l10n.il.vat.report/onchange HTTP/1.1" 200 - 1 0.001 0.006
2025-05-20 04:46:51,985 25584 INFO minga-demo odoo.addons.base.models.ir_cron: Job 'Notification: Notify scheduled messages' (8) starting 
2025-05-20 04:46:51,992 25584 INFO minga-demo odoo.addons.base.models.ir_cron: Job 'Notification: Notify scheduled messages' (8) done in 0.007s 
2025-05-20 04:46:51,998 25584 INFO minga-demo odoo.addons.base.models.ir_cron: Job 'Notification: Notify scheduled messages' (8) processed 0 records, 0 records remaining 
2025-05-20 04:46:52,003 25584 INFO minga-demo odoo.addons.base.models.ir_cron: Job 'Notification: Notify scheduled messages' (8) completed 
2025-05-20 04:46:52,015 25584 INFO minga-demo odoo.addons.base.models.ir_cron: Job 'SMS: SMS Queue Manager' (14) starting 
2025-05-20 04:46:52,022 25584 INFO minga-demo odoo.addons.base.models.ir_cron: Job 'SMS: SMS Queue Manager' (14) done in 0.007s 
2025-05-20 04:46:52,024 25584 INFO minga-demo odoo.addons.base.models.ir_cron: Job 'SMS: SMS Queue Manager' (14) processed 0 records, 0 records remaining 
2025-05-20 04:46:52,027 25584 INFO minga-demo odoo.addons.base.models.ir_cron: Job 'SMS: SMS Queue Manager' (14) completed 
2025-05-20 04:46:52,034 25584 INFO minga-demo odoo.addons.base.models.ir_cron: Job 'Snailmail: process letters queue' (15) starting 
2025-05-20 04:46:52,039 25584 INFO minga-demo odoo.addons.base.models.ir_cron: Job 'Snailmail: process letters queue' (15) done in 0.004s 
2025-05-20 04:46:52,042 25584 INFO minga-demo odoo.addons.base.models.ir_cron: Job 'Snailmail: process letters queue' (15) processed 0 records, 0 records remaining 
2025-05-20 04:46:52,045 25584 INFO minga-demo odoo.addons.base.models.ir_cron: Job 'Snailmail: process letters queue' (15) completed 
2025-05-20 04:46:52,051 25584 INFO minga-demo odoo.addons.base.models.ir_cron: Job 'Mail: Email Queue Manager' (3) starting 
2025-05-20 04:46:52,057 25584 INFO minga-demo odoo.addons.base.models.ir_cron: Job 'Mail: Email Queue Manager' (3) done in 0.006s 
2025-05-20 04:46:52,060 25584 INFO minga-demo odoo.addons.base.models.ir_cron: Job 'Mail: Email Queue Manager' (3) processed 0 records, 0 records remaining 
2025-05-20 04:46:52,061 25584 INFO minga-demo odoo.addons.base.models.ir_cron: Job 'Mail: Email Queue Manager' (3) completed 
2025-05-20 04:46:52,071 25584 INFO minga-demo odoo.addons.base.models.ir_cron: Job 'Partner Autocomplete: Sync with remote DB' (13) starting 
2025-05-20 04:46:52,075 25584 INFO minga-demo odoo.addons.base.models.ir_cron: Job 'Partner Autocomplete: Sync with remote DB' (13) done in 0.004s 
2025-05-20 04:46:52,077 25584 INFO minga-demo odoo.addons.base.models.ir_cron: Job 'Partner Autocomplete: Sync with remote DB' (13) processed 0 records, 0 records remaining 
2025-05-20 04:46:52,080 25584 INFO minga-demo odoo.addons.base.models.ir_cron: Job 'Partner Autocomplete: Sync with remote DB' (13) completed 
2025-05-20 04:48:03,715 25584 INFO minga-demo werkzeug: 127.0.0.1 - - [20/May/2025 04:48:03] "POST /web/dataset/call_kw/l10n.il.vat.report/onchange HTTP/1.1" 200 - 1 0.000 0.005
2025-05-20 04:48:08,724 25584 INFO minga-demo werkzeug: 127.0.0.1 - - [20/May/2025 04:48:08] "POST /web/dataset/call_kw/l10n.il.vat.report/web_save HTTP/1.1" 200 - 6 0.005 0.023
2025-05-20 04:48:09,049 25584 INFO minga-demo odoo.addons.l10n_il_invoicing.models.il_vat_report: Found 2 moves for VAT report calculation 
2025-05-20 04:48:09,086 25584 INFO minga-demo werkzeug: 127.0.0.1 - - [20/May/2025 04:48:09] "POST /web/dataset/call_button/l10n.il.vat.report/action_calculate HTTP/1.1" 200 - 18 0.011 0.033
2025-05-20 04:48:09,331 25584 INFO minga-demo werkzeug: 127.0.0.1 - - [20/May/2025 04:48:09] "POST /web/dataset/call_kw/l10n.il.vat.report/web_read HTTP/1.1" 200 - 8 0.006 0.016
2025-05-20 04:48:10,186 25584 INFO minga-demo odoo.addons.l10n_il_invoicing.models.il_vat_report: Formatted company VAT: '055022362' 
2025-05-20 04:48:10,189 25584 INFO minga-demo odoo.addons.l10n_il_invoicing.models.il_vat_report: Generated header line (length: 147): O055022362202504120250520+00000014700+000002646+00000000000+000000000+00000000000+00000000000+00000000000+000230000+000000000+00000000002+000006786 
2025-05-20 04:48:10,189 25584 INFO minga-demo odoo.addons.l10n_il_invoicing.models.il_vat_report: Valid example length: 131 
2025-05-20 04:48:10,189 25584 INFO minga-demo odoo.addons.l10n_il_invoicing.models.il_vat_report: Your current format: O055022362202504120250519+00000014700+000002646+00000000000+000000000+00000000000+00000000000+00000000000+000230000+00000000000+000 
2025-05-20 04:48:10,189 25584 INFO minga-demo odoo.addons.l10n_il_invoicing.models.il_vat_report: Fixed format should be: O055022362202504120250519+00000014700+000002646+00000000000+000000000+00000000000+00000000000+00000000000+000230000+00000000000+000000000 
2025-05-20 04:48:10,189 25584 INFO minga-demo odoo.addons.l10n_il_invoicing.models.il_vat_report: VAT on imports field: '000006786' (length: 9) 
2025-05-20 04:48:10,194 25584 INFO minga-demo odoo.addons.l10n_il_invoicing.models.il_vat_report: Sales record: 'S00000000025050400000000010000000014700+00000026460000000000' (length: 60) 
2025-05-20 04:48:10,194 25584 INFO minga-demo odoo.addons.l10n_il_invoicing.models.il_vat_report: Purchase record: '000000000025050400000000010000000230000-00000414000000000000' (length: 60) 
2025-05-20 04:48:10,194 25584 INFO minga-demo odoo.addons.l10n_il_invoicing.models.il_vat_report: ===== FINAL OUTPUT ===== 
2025-05-20 04:48:10,195 25584 INFO minga-demo odoo.addons.l10n_il_invoicing.models.il_vat_report: O055022362202504120250520+00000014700+000002646+00000000000+000000000+00000000000+00000000000+00000000000+000230000+000000000+00000000002+000006786 
2025-05-20 04:48:10,195 25584 INFO minga-demo odoo.addons.l10n_il_invoicing.models.il_vat_report: S00000000025050400000000010000000014700+00000026460000000000 
2025-05-20 04:48:10,195 25584 INFO minga-demo odoo.addons.l10n_il_invoicing.models.il_vat_report: 000000000025050400000000010000000230000-00000414000000000000 
2025-05-20 04:48:10,195 25584 INFO minga-demo odoo.addons.l10n_il_invoicing.models.il_vat_report: X055022362 
2025-05-20 04:48:10,195 25584 INFO minga-demo odoo.addons.l10n_il_invoicing.models.il_vat_report: ======================== 
2025-05-20 04:48:10,211 25584 INFO minga-demo werkzeug: 127.0.0.1 - - [20/May/2025 04:48:10] "POST /web/dataset/call_button/l10n.il.vat.report/action_generate_file HTTP/1.1" 200 - 12 0.010 0.025
2025-05-20 04:48:13,379 25584 INFO minga-demo werkzeug: 127.0.0.1 - - [20/May/2025 04:48:13] "POST /web/dataset/call_kw/l10n.il.vat.report/web_search_read HTTP/1.1" 200 - 2 0.002 0.007
2025-05-20 04:48:13,467 25584 INFO minga-demo werkzeug: 127.0.0.1 - - [20/May/2025 04:48:13] "POST /web/dataset/call_kw/res.users/has_group HTTP/1.1" 200 - 1 0.002 0.005
2025-05-20 04:48:15,555 25584 INFO minga-demo werkzeug: 127.0.0.1 - - [20/May/2025 04:48:15] "POST /web/dataset/call_kw/l10n.il.vat.report/web_read HTTP/1.1" 200 - 9 0.007 0.015
2025-05-20 04:48:18,722 25584 WARNING minga-demo odoo.http: <function odoo.addons.web.controllers.binary.content_common> called ignoring args {'data', 'token'} 
2025-05-20 04:48:18,727 25584 INFO minga-demo werkzeug: 127.0.0.1 - - [20/May/2025 04:48:18] "POST /web/content HTTP/1.1" 200 - 4 0.002 0.010
2025-05-20 04:52:00,280 25584 INFO minga-demo odoo.service.server: Initiating shutdown 
2025-05-20 04:52:00,280 25584 INFO minga-demo odoo.service.server: Hit CTRL-C again or send a second signal to force the shutdown. 
2025-05-20 04:52:00,738 25584 INFO minga-demo odoo.sql_db: ConnectionPool(read/write;used=0/count=0/max=64): Closed 7 connections  
2025-05-20 04:52:04,043 32664 INFO ? odoo: Odoo version 18.0 
2025-05-20 04:52:04,043 32664 INFO ? odoo: Using configuration file at C:\workspace\odoo\odoo.conf 
2025-05-20 04:52:04,043 32664 INFO ? odoo: addons paths: ['C:\\workspace\\odoo\\odoo\\addons', 'c:\\users\\sharo\\appdata\\local\\openerp s.a\\odoo\\addons\\18.0', 'c:\\workspace\\odoo\\addons', 'c:\\workspace\\odoo\\custom_addons\\accountant', 'c:\\workspace\\odoo\\odoo\\addons'] 
2025-05-20 04:52:04,043 32664 INFO ? odoo: database: moshe@localhost:5432 
2025-05-20 04:52:04,163 32664 INFO ? odoo.addons.base.models.ir_actions_report: Will use the Wkhtmltopdf binary at C:\Program Files\wkhtmltopdf\bin\wkhtmltopdf.exe 
2025-05-20 04:52:04,185 32664 INFO ? odoo.addons.base.models.ir_actions_report: Will use the Wkhtmltoimage binary at C:\Program Files\wkhtmltopdf\bin\wkhtmltoimage.exe 
2025-05-20 04:52:04,550 32664 INFO ? odoo.service.server: HTTP service (werkzeug) running on moshes.lan:8069 
2025-05-20 04:52:04,599 32664 INFO minga-demo odoo.modules.loading: loading 1 modules... 
2025-05-20 04:52:04,599 32664 INFO minga-demo odoo.modules.loading: 1 modules loaded in 0.00s, 0 queries (+0 extra) 
2025-05-20 04:52:04,614 32664 INFO minga-demo odoo.modules.loading: updating modules list 
2025-05-20 04:52:04,614 32664 INFO minga-demo odoo.addons.base.models.ir_module: ALLOW access to module.update_list on [] to user __system__ #1 via n/a 
2025-05-20 04:52:05,336 32664 WARNING minga-demo odoo.modules.graph: module l10n_il_origen: not installable, skipped 
2025-05-20 04:52:05,340 32664 INFO minga-demo odoo.modules.loading: loading 71 modules... 
2025-05-20 04:52:05,773 32664 WARNING minga-demo py.warnings: C:\workspace\odoo\odoo\api.py:482: DeprecationWarning: The model odoo.addons.l10n_il_invoicing.models.il_vat_report is not overriding the create method in batch
  File "C:\workspace\odoo\odoo-bin", line 8, in <module>
    odoo.cli.main()
  File "C:\workspace\odoo\odoo\cli\command.py", line 66, in main
    o.run(args)
  File "C:\workspace\odoo\odoo\cli\server.py", line 182, in run
    main(args)
  File "C:\workspace\odoo\odoo\cli\server.py", line 175, in main
    rc = odoo.service.server.start(preload=preload, stop=stop)
  File "C:\workspace\odoo\odoo\service\server.py", line 1424, in start
    rc = server.run(preload, stop)
  File "C:\workspace\odoo\odoo\service\server.py", line 589, in run
    rc = preload_registries(preload)
  File "C:\workspace\odoo\odoo\service\server.py", line 1328, in preload_registries
    registry = Registry.new(dbname, update_module=update_module)
  File "C:\workspace\odoo\venv\Lib\site-packages\decorator.py", line 232, in fun
    return caller(func, *(extras + args), **kw)
  File "C:\workspace\odoo\odoo\tools\func.py", line 97, in locked
    return func(inst, *args, **kwargs)
  File "C:\workspace\odoo\odoo\modules\registry.py", line 127, in new
    odoo.modules.load_modules(registry, force_demo, status, update_module)
  File "C:\workspace\odoo\odoo\modules\loading.py", line 480, in load_modules
    processed_modules += load_marked_modules(env, graph,
  File "C:\workspace\odoo\odoo\modules\loading.py", line 365, in load_marked_modules
    loaded, processed = load_module_graph(
  File "C:\workspace\odoo\odoo\modules\loading.py", line 186, in load_module_graph
    load_openerp_module(package.name)
  File "C:\workspace\odoo\odoo\modules\module.py", line 384, in load_openerp_module
    __import__(qualname)
  File "c:\workspace\odoo\addons\l10n_il_invoicing\__init__.py", line 1, in <module>
    from . import models
  File "c:\workspace\odoo\addons\l10n_il_invoicing\models\__init__.py", line 3, in <module>
    from . import il_vat_report
  File "c:\workspace\odoo\addons\l10n_il_invoicing\models\il_vat_report.py", line 14, in <module>
    class IsraeliVatReport(models.Model):
  File "c:\workspace\odoo\addons\l10n_il_invoicing\models\il_vat_report.py", line 48, in IsraeliVatReport
    @api.model
  File "C:\workspace\odoo\odoo\api.py", line 429, in model
    return model_create_single(method)
  File "C:\workspace\odoo\odoo\api.py", line 482, in model_create_single
    warnings.warn(
 
2025-05-20 04:52:05,783 32664 WARNING minga-demo odoo.tools.translate: no translation language detected, skipping translation <frame at 0x000002B99B8E41E0, file 'c:\\workspace\\odoo\\custom_addons\\accountant\\om_account_followup\\wizard\\followup_print.py', line 34, code FollowupPrint> 
Stack (most recent call last):
  File "C:\workspace\odoo\odoo-bin", line 8, in <module>
    odoo.cli.main()
  File "C:\workspace\odoo\odoo\cli\command.py", line 66, in main
    o.run(args)
  File "C:\workspace\odoo\odoo\cli\server.py", line 182, in run
    main(args)
  File "C:\workspace\odoo\odoo\cli\server.py", line 175, in main
    rc = odoo.service.server.start(preload=preload, stop=stop)
  File "C:\workspace\odoo\odoo\service\server.py", line 1424, in start
    rc = server.run(preload, stop)
  File "C:\workspace\odoo\odoo\service\server.py", line 589, in run
    rc = preload_registries(preload)
  File "C:\workspace\odoo\odoo\service\server.py", line 1328, in preload_registries
    registry = Registry.new(dbname, update_module=update_module)
  File "C:\workspace\odoo\venv\Lib\site-packages\decorator.py", line 232, in fun
    return caller(func, *(extras + args), **kw)
  File "C:\workspace\odoo\odoo\tools\func.py", line 97, in locked
    return func(inst, *args, **kwargs)
  File "C:\workspace\odoo\odoo\modules\registry.py", line 127, in new
    odoo.modules.load_modules(registry, force_demo, status, update_module)
  File "C:\workspace\odoo\odoo\modules\loading.py", line 480, in load_modules
    processed_modules += load_marked_modules(env, graph,
  File "C:\workspace\odoo\odoo\modules\loading.py", line 365, in load_marked_modules
    loaded, processed = load_module_graph(
  File "C:\workspace\odoo\odoo\modules\loading.py", line 186, in load_module_graph
    load_openerp_module(package.name)
  File "C:\workspace\odoo\odoo\modules\module.py", line 384, in load_openerp_module
    __import__(qualname)
  File "<frozen importlib._bootstrap>", line 1360, in _find_and_load
  File "<frozen importlib._bootstrap>", line 1331, in _find_and_load_unlocked
  File "<frozen importlib._bootstrap>", line 935, in _load_unlocked
  File "<frozen importlib._bootstrap_external>", line 995, in exec_module
  File "<frozen importlib._bootstrap>", line 488, in _call_with_frames_removed
  File "c:\workspace\odoo\custom_addons\accountant\om_account_followup\__init__.py", line 1, in <module>
    from . import wizard
  File "<frozen importlib._bootstrap>", line 1415, in _handle_fromlist
  File "<frozen importlib._bootstrap>", line 488, in _call_with_frames_removed
  File "<frozen importlib._bootstrap>", line 1360, in _find_and_load
  File "<frozen importlib._bootstrap>", line 1331, in _find_and_load_unlocked
  File "<frozen importlib._bootstrap>", line 935, in _load_unlocked
  File "<frozen importlib._bootstrap_external>", line 995, in exec_module
  File "<frozen importlib._bootstrap>", line 488, in _call_with_frames_removed
  File "c:\workspace\odoo\custom_addons\accountant\om_account_followup\wizard\__init__.py", line 1, in <module>
    from . import followup_print
  File "<frozen importlib._bootstrap>", line 1415, in _handle_fromlist
  File "<frozen importlib._bootstrap>", line 488, in _call_with_frames_removed
  File "<frozen importlib._bootstrap>", line 1360, in _find_and_load
  File "<frozen importlib._bootstrap>", line 1331, in _find_and_load_unlocked
  File "<frozen importlib._bootstrap>", line 935, in _load_unlocked
  File "<frozen importlib._bootstrap_external>", line 995, in exec_module
  File "<frozen importlib._bootstrap>", line 488, in _call_with_frames_removed
  File "c:\workspace\odoo\custom_addons\accountant\om_account_followup\wizard\followup_print.py", line 7, in <module>
    class FollowupPrint(models.TransientModel):
  File "c:\workspace\odoo\custom_addons\accountant\om_account_followup\wizard\followup_print.py", line 34, in FollowupPrint
    default=_('Invoices Reminder'))
  File "C:\workspace\odoo\odoo\tools\translate.py", line 607, in get_text_alias
    module, lang = _get_translation_source(1)
  File "C:\workspace\odoo\odoo\tools\translate.py", line 596, in _get_translation_source
    lang = lang or _get_lang(frame, default_lang)
  File "C:\workspace\odoo\odoo\tools\translate.py", line 587, in _get_lang
    _logger.log(log_level, 'no translation language detected, skipping translation %s', frame, stack_info=True)
2025-05-20 04:52:05,795 32664 INFO minga-demo odoo.modules.loading: 71 modules loaded in 0.45s, 0 queries (+0 extra) 
2025-05-20 04:52:05,926 32664 ERROR minga-demo odoo.modules.loading: Some modules are not loaded, some dependencies or manifest may be missing: ['l10n_il_origen'] 
2025-05-20 04:52:06,457 32664 INFO minga-demo odoo.modules.loading: Modules loaded. 
2025-05-20 04:52:06,457 32664 INFO minga-demo odoo.modules.registry: Registry changed, signaling through the database 
2025-05-20 04:52:06,457 32664 INFO minga-demo odoo.modules.registry: Registry loaded in 1.905s 
2025-05-20 04:52:06,457 32664 INFO minga-demo odoo.addons.base.models.ir_http: Generating routing map for key None 
2025-05-20 04:52:06,538 32664 INFO minga-demo werkzeug: 127.0.0.1 - - [20/May/2025 04:52:06] "GET /websocket?version=18.0-4 HTTP/1.1" 101 - 6 0.003 1.865
2025-05-20 04:52:06,889 32664 INFO ? odoo.addons.bus.models.bus: Bus.loop listen imbus on db postgres 
2025-05-20 04:52:06,943 32664 INFO minga-demo werkzeug: 127.0.0.1 - - [20/May/2025 04:52:06] "POST /bus/has_missed_notifications HTTP/1.1" 200 - 2 0.000 0.071
2025-05-20 04:52:18,175 32664 INFO minga-demo werkzeug: 127.0.0.1 - - [20/May/2025 04:52:18] "GET /odoo/action-419/59 HTTP/1.1" 200 - 88 0.069 3.607
2025-05-20 04:52:18,545 32664 INFO minga-demo werkzeug: 127.0.0.1 - - [20/May/2025 04:52:18] "GET /bus/websocket_worker_bundle?v=18.0-4 HTTP/1.1" 304 - 4 0.002 0.008
2025-05-20 04:52:19,038 32664 INFO minga-demo werkzeug: 127.0.0.1 - - [20/May/2025 04:52:19] "POST /web/action/load HTTP/1.1" 200 - 11 0.012 0.134
2025-05-20 04:52:19,058 32664 INFO minga-demo werkzeug: 127.0.0.1 - - [20/May/2025 04:52:19] "GET /websocket?version=18.0-4 HTTP/1.1" 101 - 1 0.000 0.149
2025-05-20 04:52:19,072 32664 INFO minga-demo werkzeug: 127.0.0.1 - - [20/May/2025 04:52:19] "GET /web/manifest.webmanifest HTTP/1.1" 200 - 9 0.023 0.151
2025-05-20 04:52:19,075 32664 INFO minga-demo werkzeug: 127.0.0.1 - - [20/May/2025 04:52:19] "GET /web/image?model=res.users&field=avatar_128&id=12 HTTP/1.1" 304 - 9 0.026 0.151
2025-05-20 04:52:19,077 32664 INFO minga-demo werkzeug: 127.0.0.1 - - [20/May/2025 04:52:19] "POST /web/dataset/call_kw/mail.push.device/register_devices HTTP/1.1" 200 - 7 0.020 0.162
2025-05-20 04:52:19,109 32664 INFO minga-demo werkzeug: 127.0.0.1 - - [20/May/2025 04:52:19] "POST /mail/data HTTP/1.1" 200 - 33 0.046 0.167
2025-05-20 04:52:19,207 32664 INFO minga-demo werkzeug: 127.0.0.1 - - [20/May/2025 04:52:19] "POST /web/dataset/call_kw/l10n.il.vat.report/get_views HTTP/1.1" 200 - 33 0.023 0.028
2025-05-20 04:52:19,385 32664 INFO minga-demo werkzeug: 127.0.0.1 - - [20/May/2025 04:52:19] "POST /web/dataset/call_kw/l10n.il.vat.report/web_read HTTP/1.1" 200 - 11 0.015 0.013
2025-05-20 04:52:20,663 32664 INFO minga-demo werkzeug: 127.0.0.1 - - [20/May/2025 04:52:20] "GET /web/service-worker.js HTTP/1.1" 200 - 1 0.001 0.007
2025-05-20 04:52:20,973 32664 INFO minga-demo werkzeug: 127.0.0.1 - - [20/May/2025 04:52:20] "POST /web/dataset/call_kw/l10n.il.vat.report/onchange HTTP/1.1" 200 - 2 0.002 0.009
2025-05-20 04:52:32,791 32664 INFO minga-demo werkzeug: 127.0.0.1 - - [20/May/2025 04:52:32] "POST /web/dataset/call_kw/l10n.il.vat.report/onchange HTTP/1.1" 200 - 1 0.002 0.005
2025-05-20 04:52:38,412 32664 INFO minga-demo werkzeug: 127.0.0.1 - - [20/May/2025 04:52:38] "POST /web/dataset/call_kw/l10n.il.vat.report/web_save HTTP/1.1" 200 - 7 0.008 0.024
2025-05-20 04:52:38,745 32664 INFO minga-demo odoo.addons.l10n_il_invoicing.models.il_vat_report: Found 2 moves for VAT report calculation 
2025-05-20 04:52:38,800 32664 INFO minga-demo werkzeug: 127.0.0.1 - - [20/May/2025 04:52:38] "POST /web/dataset/call_button/l10n.il.vat.report/action_calculate HTTP/1.1" 200 - 32 0.027 0.043
2025-05-20 04:52:39,016 32664 INFO minga-demo werkzeug: 127.0.0.1 - - [20/May/2025 04:52:39] "POST /web/dataset/call_kw/l10n.il.vat.report/web_read HTTP/1.1" 200 - 8 0.007 0.009
2025-05-20 04:52:41,850 32664 INFO minga-demo odoo.addons.l10n_il_invoicing.models.il_vat_report: Valid line has 9 segments and 8 '+' signs 
2025-05-20 04:52:41,850 32664 INFO minga-demo odoo.addons.l10n_il_invoicing.models.il_vat_report: Segment 0: 'O516161726202503120250424' (25 chars) 
2025-05-20 04:52:41,850 32664 INFO minga-demo odoo.addons.l10n_il_invoicing.models.il_vat_report: Segment 1: '00000234514' (11 chars) 
2025-05-20 04:52:41,850 32664 INFO minga-demo odoo.addons.l10n_il_invoicing.models.il_vat_report: Segment 2: '000042221' (9 chars) 
2025-05-20 04:52:41,850 32664 INFO minga-demo odoo.addons.l10n_il_invoicing.models.il_vat_report: Segment 3: '00000000000' (11 chars) 
2025-05-20 04:52:41,850 32664 INFO minga-demo odoo.addons.l10n_il_invoicing.models.il_vat_report: Segment 4: '000000000000000633' (18 chars) 
2025-05-20 04:52:41,850 32664 INFO minga-demo odoo.addons.l10n_il_invoicing.models.il_vat_report: Segment 5: '00000000000' (11 chars) 
2025-05-20 04:52:41,850 32664 INFO minga-demo odoo.addons.l10n_il_invoicing.models.il_vat_report: Segment 6: '000035435' (9 chars) 
2025-05-20 04:52:41,850 32664 INFO minga-demo odoo.addons.l10n_il_invoicing.models.il_vat_report: Segment 7: '000000000000000022' (18 chars) 
2025-05-20 04:52:41,850 32664 INFO minga-demo odoo.addons.l10n_il_invoicing.models.il_vat_report: Segment 8: '00000006786' (11 chars) 
2025-05-20 04:52:41,854 32664 INFO minga-demo odoo.addons.l10n_il_invoicing.models.il_vat_report: Generated line has 9 segments and 8 '+' signs 
2025-05-20 04:52:41,854 32664 INFO minga-demo odoo.addons.l10n_il_invoicing.models.il_vat_report: Segment 0: Valid='O516161726202503120250424' (25 chars), Generated='O055022362202503120250520' (25 chars), Match: True 
2025-05-20 04:52:41,854 32664 INFO minga-demo odoo.addons.l10n_il_invoicing.models.il_vat_report: Segment 1: Valid='00000234514' (11 chars), Generated='00000014700' (11 chars), Match: True 
2025-05-20 04:52:41,854 32664 INFO minga-demo odoo.addons.l10n_il_invoicing.models.il_vat_report: Segment 2: Valid='000042221' (9 chars), Generated='000002646' (9 chars), Match: True 
2025-05-20 04:52:41,854 32664 INFO minga-demo odoo.addons.l10n_il_invoicing.models.il_vat_report: Segment 3: Valid='00000000000' (11 chars), Generated='00000000000' (11 chars), Match: True 
2025-05-20 04:52:41,854 32664 INFO minga-demo odoo.addons.l10n_il_invoicing.models.il_vat_report: Segment 4: Valid='000000000000000633' (18 chars), Generated='000000000000000000' (18 chars), Match: True 
2025-05-20 04:52:41,854 32664 INFO minga-demo odoo.addons.l10n_il_invoicing.models.il_vat_report: Segment 5: Valid='00000000000' (11 chars), Generated='00000000000' (11 chars), Match: True 
2025-05-20 04:52:41,854 32664 INFO minga-demo odoo.addons.l10n_il_invoicing.models.il_vat_report: Segment 6: Valid='000035435' (9 chars), Generated='000230000' (9 chars), Match: True 
2025-05-20 04:52:41,854 32664 INFO minga-demo odoo.addons.l10n_il_invoicing.models.il_vat_report: Segment 7: Valid='000000000000000022' (18 chars), Generated='000000000000000002' (18 chars), Match: True 
2025-05-20 04:52:41,854 32664 INFO minga-demo odoo.addons.l10n_il_invoicing.models.il_vat_report: Segment 8: Valid='00000006786' (11 chars), Generated='00000006786' (11 chars), Match: True 
2025-05-20 04:52:41,854 32664 INFO minga-demo odoo.addons.l10n_il_invoicing.models.il_vat_report: Final header: 'O055022362202503120250520+00000014700+000002646+00000000000+000000000000000000+00000000000+000230000+000000000000000002+00000006786' (length: 131) 
2025-05-20 04:52:41,854 32664 INFO minga-demo odoo.addons.l10n_il_invoicing.models.il_vat_report: Valid line:   'O516161726202503120250424+00000234514+000042221+00000000000+000000000000000633+00000000000+000035435+000000000000000022+00000006786' (length: 131) 
2025-05-20 04:52:41,866 32664 INFO minga-demo odoo.addons.l10n_il_invoicing.models.il_vat_report: Sales record: 'S00000000025050400000000010000000014700+00000026460000000000' (length: 60) 
2025-05-20 04:52:41,867 32664 INFO minga-demo odoo.addons.l10n_il_invoicing.models.il_vat_report: Purchase record: '000000000025050400000000010000000230000-00000414000000000000' (length: 60) 
2025-05-20 04:52:41,879 32664 INFO minga-demo werkzeug: 127.0.0.1 - - [20/May/2025 04:52:41] "POST /web/dataset/call_button/l10n.il.vat.report/action_generate_file HTTP/1.1" 200 - 19 0.013 0.020
2025-05-20 04:52:46,834 32664 INFO minga-demo werkzeug: 127.0.0.1 - - [20/May/2025 04:52:46] "POST /web/dataset/call_kw/l10n.il.vat.report/web_search_read HTTP/1.1" 200 - 2 0.001 0.006
2025-05-20 04:52:46,895 32664 INFO minga-demo werkzeug: 127.0.0.1 - - [20/May/2025 04:52:46] "POST /web/dataset/call_kw/res.users/has_group HTTP/1.1" 200 - 1 0.001 0.004
2025-05-20 04:52:48,756 32664 INFO minga-demo werkzeug: 127.0.0.1 - - [20/May/2025 04:52:48] "POST /web/dataset/call_kw/l10n.il.vat.report/web_read HTTP/1.1" 200 - 9 0.013 0.008
2025-05-20 04:52:50,804 32664 WARNING minga-demo odoo.http: <function odoo.addons.web.controllers.binary.content_common> called ignoring args {'token', 'data'} 
2025-05-20 04:52:50,810 32664 INFO minga-demo werkzeug: 127.0.0.1 - - [20/May/2025 04:52:50] "POST /web/content HTTP/1.1" 200 - 5 0.002 0.016
2025-05-20 05:03:52,778 32664 INFO minga-demo werkzeug: 127.0.0.1 - - [20/May/2025 05:03:52] "POST /web/action/load HTTP/1.1" 200 - 11 0.022 0.132
2025-05-20 05:03:53,283 32664 INFO minga-demo werkzeug: 127.0.0.1 - - [20/May/2025 05:03:53] "POST /web/dataset/call_kw/account.move/get_views HTTP/1.1" 200 - 98 0.092 0.312
2025-05-20 05:03:53,321 32664 INFO minga-demo werkzeug: 127.0.0.1 - - [20/May/2025 05:03:53] "POST /web/dataset/call_kw/account.move/web_search_read HTTP/1.1" 200 - 12 0.009 0.019
2025-05-20 05:03:59,355 32664 INFO minga-demo werkzeug: 127.0.0.1 - - [20/May/2025 05:03:59] "POST /web/dataset/call_kw/account.move/web_read HTTP/1.1" 200 - 62 0.108 0.373
2025-05-20 05:03:59,502 32664 INFO minga-demo werkzeug: 127.0.0.1 - - [20/May/2025 05:03:59] "POST /mail/thread/data HTTP/1.1" 200 - 32 0.035 0.025
2025-05-20 05:03:59,819 32664 INFO minga-demo werkzeug: 127.0.0.1 - - [20/May/2025 05:03:59] "POST /mail/thread/messages HTTP/1.1" 200 - 21 0.028 0.020
2025-05-20 05:04:00,204 32664 INFO minga-demo werkzeug: 127.0.0.1 - - [20/May/2025 05:04:00] "GET /web/image/res.partner/58/avatar_128?unique=1746375736000 HTTP/1.1" 200 - 8 0.008 0.019
2025-05-20 05:04:04,420 32664 INFO minga-demo werkzeug: 127.0.0.1 - - [20/May/2025 05:04:04] "POST /web/dataset/call_button/account.move/button_draft HTTP/1.1" 200 - 65 0.126 0.095
2025-05-20 05:04:04,828 32664 INFO minga-demo werkzeug: 127.0.0.1 - - [20/May/2025 05:04:04] "POST /mail/thread/messages HTTP/1.1" 200 - 19 0.038 0.061
2025-05-20 05:04:04,866 32664 INFO minga-demo werkzeug: 127.0.0.1 - - [20/May/2025 05:04:04] "POST /web/dataset/call_kw/account.move/web_read HTTP/1.1" 200 - 42 0.050 0.087
2025-05-20 05:04:05,041 32664 INFO minga-demo werkzeug: 127.0.0.1 - - [20/May/2025 05:04:05] "POST /mail/thread/data HTTP/1.1" 200 - 23 0.024 0.021
2025-05-20 05:04:05,188 32664 INFO ? werkzeug: 127.0.0.1 - - [20/May/2025 05:04:05] "GET /partner_autocomplete/static/lib/jsvat.js HTTP/1.1" 200 - 0 0.000 0.005
2025-05-20 05:04:05,212 32664 INFO ? werkzeug: 127.0.0.1 - - [20/May/2025 05:04:05] "GET /web/static/img/openhand.cur HTTP/1.1" 200 - 0 0.000 0.002
2025-05-20 05:04:10,682 32664 INFO minga-demo werkzeug: 127.0.0.1 - - [20/May/2025 05:04:10] "POST /web/action/load HTTP/1.1" 200 - 11 0.012 0.010
2025-05-20 05:04:10,989 32664 INFO minga-demo werkzeug: 127.0.0.1 - - [20/May/2025 05:04:10] "POST /web/dataset/call_kw/account.move/get_views HTTP/1.1" 200 - 8 0.008 0.057
2025-05-20 05:04:11,019 32664 INFO minga-demo werkzeug: 127.0.0.1 - - [20/May/2025 05:04:11] "POST /web/dataset/call_kw/account.move/web_search_read HTTP/1.1" 200 - 8 0.007 0.016
2025-05-20 05:05:27,003 32664 INFO minga-demo werkzeug: 127.0.0.1 - - [20/May/2025 05:05:27] "POST /web/dataset/call_kw/account.move/onchange HTTP/1.1" 200 - 21 0.021 0.177
2025-05-20 05:05:30,854 32664 INFO minga-demo werkzeug: 127.0.0.1 - - [20/May/2025 05:05:30] "POST /web/dataset/call_kw/res.partner/name_search HTTP/1.1" 200 - 6 0.014 0.008
2025-05-20 05:05:33,560 32664 INFO minga-demo werkzeug: 127.0.0.1 - - [20/May/2025 05:05:33] "POST /web/dataset/call_kw/account.move/onchange HTTP/1.1" 200 - 19 0.018 0.033
2025-05-20 05:05:39,664 32664 INFO minga-demo werkzeug: 127.0.0.1 - - [20/May/2025 05:05:39] "POST /web/dataset/call_kw/account.move.line/onchange HTTP/1.1" 200 - 3 0.003 0.089
2025-05-20 05:05:40,020 32664 INFO minga-demo werkzeug: 127.0.0.1 - - [20/May/2025 05:05:40] "POST /web/dataset/call_kw/account.move/onchange HTTP/1.1" 200 - 6 0.017 0.015
2025-05-20 05:06:00,233 32664 INFO minga-demo werkzeug: 127.0.0.1 - - [20/May/2025 05:06:00] "POST /web/dataset/call_kw/account.move/web_save HTTP/1.1" 200 - 75 0.118 0.222
2025-05-20 05:06:00,623 32664 INFO minga-demo werkzeug: 127.0.0.1 - - [20/May/2025 05:06:00] "POST /mail/thread/data HTTP/1.1" 200 - 21 0.019 0.021
2025-05-20 05:06:15,103 32664 INFO minga-demo werkzeug: 127.0.0.1 - - [20/May/2025 05:06:15] "POST /mail/thread/messages HTTP/1.1" 200 - 17 0.014 0.019
2025-05-20 05:06:28,590 32664 INFO minga-demo werkzeug: 127.0.0.1 - - [20/May/2025 05:06:28] "POST /web/dataset/call_kw/account.move/onchange HTTP/1.1" 200 - 30 0.030 0.054
2025-05-20 05:06:39,665 32664 INFO minga-demo werkzeug: 127.0.0.1 - - [20/May/2025 05:06:39] "POST /web/dataset/call_kw/account.move.line/onchange HTTP/1.1" 200 - 19 0.035 0.036
2025-05-20 05:06:40,052 32664 INFO minga-demo werkzeug: 127.0.0.1 - - [20/May/2025 05:06:40] "POST /web/dataset/call_kw/account.move/onchange HTTP/1.1" 200 - 33 0.031 0.041
2025-05-20 05:06:53,192 32664 INFO minga-demo werkzeug: 127.0.0.1 - - [20/May/2025 05:06:53] "POST /web/dataset/call_kw/account.move.line/onchange HTTP/1.1" 200 - 14 0.008 0.022
2025-05-20 05:06:53,589 32664 INFO minga-demo werkzeug: 127.0.0.1 - - [20/May/2025 05:06:53] "POST /web/dataset/call_kw/account.move/onchange HTTP/1.1" 200 - 33 0.032 0.042
2025-05-20 05:06:53,594 32664 INFO minga-demo werkzeug: 127.0.0.1 - - [20/May/2025 05:06:53] "POST /web/dataset/call_kw/product.product/name_search HTTP/1.1" 200 - 14 0.026 0.018
2025-05-20 05:06:55,734 32664 INFO minga-demo werkzeug: 127.0.0.1 - - [20/May/2025 05:06:55] "POST /web/dataset/call_kw/account.move.line/onchange HTTP/1.1" 200 - 36 0.070 0.048
2025-05-20 05:06:56,131 32664 INFO minga-demo werkzeug: 127.0.0.1 - - [20/May/2025 05:06:56] "POST /web/dataset/call_kw/account.move/onchange HTTP/1.1" 200 - 39 0.035 0.053
2025-05-20 05:07:01,142 32664 INFO minga-demo werkzeug: 127.0.0.1 - - [20/May/2025 05:07:01] "POST /web/dataset/call_kw/account.move.line/onchange HTTP/1.1" 200 - 11 0.009 0.023
2025-05-20 05:07:01,526 32664 INFO minga-demo werkzeug: 127.0.0.1 - - [20/May/2025 05:07:01] "POST /web/dataset/call_kw/account.move/onchange HTTP/1.1" 200 - 39 0.031 0.046
2025-05-20 05:07:19,823 32664 INFO minga-demo werkzeug: 127.0.0.1 - - [20/May/2025 05:07:19] "POST /web/dataset/call_kw/account.move/onchange HTTP/1.1" 200 - 39 0.033 0.053
2025-05-20 05:07:32,526 32664 INFO minga-demo werkzeug: 127.0.0.1 - - [20/May/2025 05:07:32] "POST /web/dataset/call_kw/account.move.line/onchange HTTP/1.1" 200 - 20 0.013 0.026
2025-05-20 05:07:32,812 32664 INFO minga-demo werkzeug: 127.0.0.1 - - [20/May/2025 05:07:32] "POST /web/dataset/call_kw/account.move/onchange HTTP/1.1" 200 - 39 0.030 0.049
2025-05-20 05:07:40,814 32664 INFO minga-demo werkzeug: 127.0.0.1 - - [20/May/2025 05:07:40] "POST /web/dataset/call_kw/account.move/web_save HTTP/1.1" 200 - 97 0.092 0.173
2025-05-20 05:07:41,258 32664 INFO minga-demo werkzeug: 127.0.0.1 - - [20/May/2025 05:07:41] "POST /mail/thread/messages HTTP/1.1" 200 - 19 0.062 0.066
2025-05-20 05:07:41,278 32664 INFO minga-demo werkzeug: 127.0.0.1 - - [20/May/2025 05:07:41] "POST /mail/thread/data HTTP/1.1" 200 - 21 0.073 0.074
2025-05-20 05:07:41,429 32664 INFO minga-demo werkzeug: 127.0.0.1 - - [20/May/2025 05:07:41] "POST /web/dataset/call_button/account.move/action_post HTTP/1.1" 200 - 73 0.123 0.171
2025-05-20 05:07:41,463 32664 INFO minga-demo werkzeug: 127.0.0.1 - - [20/May/2025 05:07:41] "POST /mail/thread/messages HTTP/1.1" 200 - 19 0.013 0.017
2025-05-20 05:07:41,841 32664 INFO minga-demo werkzeug: 127.0.0.1 - - [20/May/2025 05:07:41] "POST /web/dataset/call_kw/account.move/web_read HTTP/1.1" 200 - 45 0.039 0.053
2025-05-20 05:07:42,207 32664 INFO minga-demo werkzeug: 127.0.0.1 - - [20/May/2025 05:07:42] "POST /mail/thread/data HTTP/1.1" 200 - 24 0.018 0.028
2025-05-20 05:08:07,750 32664 INFO minga-demo werkzeug: 127.0.0.1 - - [20/May/2025 05:08:07] "POST /web/dataset/call_button/account.move/action_register_payment HTTP/1.1" 200 - 3 0.002 0.007
2025-05-20 05:08:08,132 32664 INFO minga-demo werkzeug: 127.0.0.1 - - [20/May/2025 05:08:08] "POST /web/dataset/call_kw/account.payment.register/get_views HTTP/1.1" 200 - 20 0.027 0.033
2025-05-20 05:08:08,391 32664 INFO minga-demo werkzeug: 127.0.0.1 - - [20/May/2025 05:08:08] "POST /web/dataset/call_kw/account.payment.register/onchange HTTP/1.1" 200 - 22 0.031 0.029
2025-05-20 05:08:16,781 32664 INFO minga-demo werkzeug: 127.0.0.1 - - [20/May/2025 05:08:16] "POST /web/dataset/call_kw/account.payment.register/web_save HTTP/1.1" 200 - 25 0.027 0.032
2025-05-20 05:08:17,267 32664 INFO minga-demo werkzeug: 127.0.0.1 - - [20/May/2025 05:08:17] "POST /web/dataset/call_button/account.payment.register/action_create_payments HTTP/1.1" 200 - 59 0.070 0.091
2025-05-20 05:08:17,377 32664 INFO minga-demo werkzeug: 127.0.0.1 - - [20/May/2025 05:08:17] "POST /mail/thread/messages HTTP/1.1" 200 - 19 0.015 0.010
2025-05-20 05:08:17,667 32664 INFO minga-demo werkzeug: 127.0.0.1 - - [20/May/2025 05:08:17] "POST /web/dataset/call_kw/account.move/web_read HTTP/1.1" 200 - 42 0.033 0.050
2025-05-20 05:08:17,713 32664 INFO minga-demo werkzeug: 127.0.0.1 - - [20/May/2025 05:08:17] "POST /mail/thread/data HTTP/1.1" 200 - 24 0.020 0.017
2025-05-20 05:08:31,444 32664 INFO minga-demo werkzeug: 127.0.0.1 - - [20/May/2025 05:08:31] "POST /web/dataset/call_kw/l10n.il.vat.report/web_search_read HTTP/1.1" 200 - 2 0.002 0.004
2025-05-20 05:08:33,419 32664 INFO minga-demo werkzeug: 127.0.0.1 - - [20/May/2025 05:08:33] "POST /web/dataset/call_kw/l10n.il.vat.report/onchange HTTP/1.1" 200 - 1 0.001 0.006
2025-05-20 05:08:47,203 32664 INFO minga-demo werkzeug: 127.0.0.1 - - [20/May/2025 05:08:47] "POST /web/dataset/call_kw/l10n.il.vat.report/onchange HTTP/1.1" 200 - 1 0.001 0.008
2025-05-20 05:08:51,928 32664 INFO minga-demo werkzeug: 127.0.0.1 - - [20/May/2025 05:08:51] "POST /web/dataset/call_kw/l10n.il.vat.report/web_save HTTP/1.1" 200 - 6 0.005 0.013
2025-05-20 05:08:52,252 32664 INFO minga-demo odoo.addons.l10n_il_invoicing.models.il_vat_report: Found 2 moves for VAT report calculation 
2025-05-20 05:08:52,286 32664 INFO minga-demo werkzeug: 127.0.0.1 - - [20/May/2025 05:08:52] "POST /web/dataset/call_button/l10n.il.vat.report/action_calculate HTTP/1.1" 200 - 17 0.015 0.030
2025-05-20 05:08:52,532 32664 INFO minga-demo werkzeug: 127.0.0.1 - - [20/May/2025 05:08:52] "POST /web/dataset/call_kw/l10n.il.vat.report/web_read HTTP/1.1" 200 - 8 0.004 0.017
2025-05-20 05:08:53,551 32664 INFO minga-demo odoo.addons.l10n_il_invoicing.models.il_vat_report: Valid line has 9 segments and 8 '+' signs 
2025-05-20 05:08:53,551 32664 INFO minga-demo odoo.addons.l10n_il_invoicing.models.il_vat_report: Segment 0: 'O516161726202503120250424' (25 chars) 
2025-05-20 05:08:53,552 32664 INFO minga-demo odoo.addons.l10n_il_invoicing.models.il_vat_report: Segment 1: '00000234514' (11 chars) 
2025-05-20 05:08:53,552 32664 INFO minga-demo odoo.addons.l10n_il_invoicing.models.il_vat_report: Segment 2: '000042221' (9 chars) 
2025-05-20 05:08:53,552 32664 INFO minga-demo odoo.addons.l10n_il_invoicing.models.il_vat_report: Segment 3: '00000000000' (11 chars) 
2025-05-20 05:08:53,552 32664 INFO minga-demo odoo.addons.l10n_il_invoicing.models.il_vat_report: Segment 4: '000000000000000633' (18 chars) 
2025-05-20 05:08:53,552 32664 INFO minga-demo odoo.addons.l10n_il_invoicing.models.il_vat_report: Segment 5: '00000000000' (11 chars) 
2025-05-20 05:08:53,552 32664 INFO minga-demo odoo.addons.l10n_il_invoicing.models.il_vat_report: Segment 6: '000035435' (9 chars) 
2025-05-20 05:08:53,552 32664 INFO minga-demo odoo.addons.l10n_il_invoicing.models.il_vat_report: Segment 7: '000000000000000022' (18 chars) 
2025-05-20 05:08:53,552 32664 INFO minga-demo odoo.addons.l10n_il_invoicing.models.il_vat_report: Segment 8: '00000006786' (11 chars) 
2025-05-20 05:08:53,561 32664 INFO minga-demo odoo.addons.l10n_il_invoicing.models.il_vat_report: Generated line has 9 segments and 8 '+' signs 
2025-05-20 05:08:53,561 32664 INFO minga-demo odoo.addons.l10n_il_invoicing.models.il_vat_report: Segment 0: Valid='O516161726202503120250424' (25 chars), Generated='O055022362202505120250520' (25 chars), Match: True 
2025-05-20 05:08:53,561 32664 INFO minga-demo odoo.addons.l10n_il_invoicing.models.il_vat_report: Segment 1: Valid='00000234514' (11 chars), Generated='00000164700' (11 chars), Match: True 
2025-05-20 05:08:53,561 32664 INFO minga-demo odoo.addons.l10n_il_invoicing.models.il_vat_report: Segment 2: Valid='000042221' (9 chars), Generated='000029645' (9 chars), Match: True 
2025-05-20 05:08:53,562 32664 INFO minga-demo odoo.addons.l10n_il_invoicing.models.il_vat_report: Segment 3: Valid='00000000000' (11 chars), Generated='00000000000' (11 chars), Match: True 
2025-05-20 05:08:53,562 32664 INFO minga-demo odoo.addons.l10n_il_invoicing.models.il_vat_report: Segment 4: Valid='000000000000000633' (18 chars), Generated='000000000000000000' (18 chars), Match: True 
2025-05-20 05:08:53,562 32664 INFO minga-demo odoo.addons.l10n_il_invoicing.models.il_vat_report: Segment 5: Valid='00000000000' (11 chars), Generated='00000000000' (11 chars), Match: True 
2025-05-20 05:08:53,562 32664 INFO minga-demo odoo.addons.l10n_il_invoicing.models.il_vat_report: Segment 6: Valid='000035435' (9 chars), Generated='000000000' (9 chars), Match: True 
2025-05-20 05:08:53,562 32664 INFO minga-demo odoo.addons.l10n_il_invoicing.models.il_vat_report: Segment 7: Valid='000000000000000022' (18 chars), Generated='000000000000000002' (18 chars), Match: True 
2025-05-20 05:08:53,562 32664 INFO minga-demo odoo.addons.l10n_il_invoicing.models.il_vat_report: Segment 8: Valid='00000006786' (11 chars), Generated='00000006786' (11 chars), Match: True 
2025-05-20 05:08:53,562 32664 INFO minga-demo odoo.addons.l10n_il_invoicing.models.il_vat_report: Final header: 'O055022362202505120250520+00000164700+000029645+00000000000+000000000000000000+00000000000+000000000+000000000000000002+00000006786' (length: 131) 
2025-05-20 05:08:53,562 32664 INFO minga-demo odoo.addons.l10n_il_invoicing.models.il_vat_report: Valid line:   'O516161726202503120250424+00000234514+000042221+00000000000+000000000000000633+00000000000+000035435+000000000000000022+00000006786' (length: 131) 
2025-05-20 05:08:53,569 32664 INFO minga-demo odoo.addons.l10n_il_invoicing.models.il_vat_report: Sales record: 'S00000000025050400000000010000000014700+00000026460000000000' (length: 60) 
2025-05-20 05:08:53,569 32664 INFO minga-demo odoo.addons.l10n_il_invoicing.models.il_vat_report: Sales record: 'S00000000025052000000000020000000150000+00000270000000000000' (length: 60) 
2025-05-20 05:08:53,590 32664 INFO minga-demo werkzeug: 127.0.0.1 - - [20/May/2025 05:08:53] "POST /web/dataset/call_button/l10n.il.vat.report/action_generate_file HTTP/1.1" 200 - 12 0.013 0.033
2025-05-20 05:09:02,298 32664 INFO minga-demo werkzeug: 127.0.0.1 - - [20/May/2025 05:09:02] "POST /web/dataset/call_button/l10n.il.vat.report/action_generate_file HTTP/1.1" 200 - 2 0.004 0.006
2025-05-20 05:09:02,580 32664 INFO minga-demo werkzeug: 127.0.0.1 - - [20/May/2025 05:09:02] "POST /web/dataset/call_kw/l10n.il.vat.report/web_read HTTP/1.1" 200 - 9 0.006 0.017
2025-05-20 05:09:07,056 32664 WARNING minga-demo odoo.http: <function odoo.addons.web.controllers.binary.content_common> called ignoring args {'token', 'data'} 
2025-05-20 05:09:07,061 32664 INFO minga-demo werkzeug: 127.0.0.1 - - [20/May/2025 05:09:07] "POST /web/content HTTP/1.1" 200 - 4 0.005 0.007
2025-05-20 05:30:45,459 32664 INFO minga-demo odoo.addons.base.models.ir_cron: Job 'CRM: enrich leads (IAP)' (25) starting 
2025-05-20 05:30:45,470 32664 INFO minga-demo odoo.addons.base.models.ir_cron: Job 'CRM: enrich leads (IAP)' (25) done in 0.011s 
2025-05-20 05:30:45,473 32664 INFO minga-demo odoo.addons.base.models.ir_cron: Job 'CRM: enrich leads (IAP)' (25) processed 0 records, 0 records remaining 
2025-05-20 05:30:45,480 32664 INFO minga-demo odoo.addons.base.models.ir_cron: Job 'CRM: enrich leads (IAP)' (25) completed 
2025-05-20 05:33:48,729 32664 INFO minga-demo odoo.addons.base.models.res_device: User 12 inserts device log (VM5SdrH5QUX2NfjU663PvZC9ck9QjN3qqHDhsVt0DG) 
2025-05-20 05:33:48,733 32664 INFO minga-demo werkzeug: 127.0.0.1 - - [20/May/2025 05:33:48] "GET /websocket?version=18.0-4 HTTP/1.1" 101 - 2 0.002 0.006
2025-05-20 05:33:49,057 32664 INFO minga-demo werkzeug: 127.0.0.1 - - [20/May/2025 05:33:49] "POST /bus/has_missed_notifications HTTP/1.1" 200 - 2 0.002 0.002
2025-05-20 05:46:46,405 32664 INFO minga-demo odoo.addons.base.models.ir_cron: Job 'Notification: Notify scheduled messages' (8) starting 
2025-05-20 05:46:46,409 32664 INFO minga-demo odoo.addons.base.models.ir_cron: Job 'Notification: Notify scheduled messages' (8) done in 0.005s 
2025-05-20 05:46:46,414 32664 INFO minga-demo odoo.addons.base.models.ir_cron: Job 'Notification: Notify scheduled messages' (8) processed 0 records, 0 records remaining 
2025-05-20 05:46:46,414 32664 INFO minga-demo odoo.addons.base.models.ir_cron: Job 'Notification: Notify scheduled messages' (8) completed 
2025-05-20 05:46:46,414 32664 INFO minga-demo odoo.addons.base.models.ir_cron: Job 'SMS: SMS Queue Manager' (14) starting 
2025-05-20 05:46:46,429 32664 INFO minga-demo odoo.addons.base.models.ir_cron: Job 'SMS: SMS Queue Manager' (14) done in 0.015s 
2025-05-20 05:46:46,429 32664 INFO minga-demo odoo.addons.base.models.ir_cron: Job 'SMS: SMS Queue Manager' (14) processed 0 records, 0 records remaining 
2025-05-20 05:46:46,429 32664 INFO minga-demo odoo.addons.base.models.ir_cron: Job 'SMS: SMS Queue Manager' (14) completed 
2025-05-20 05:46:46,438 32664 INFO minga-demo odoo.addons.base.models.ir_cron: Job 'Snailmail: process letters queue' (15) starting 
2025-05-20 05:46:46,438 32664 INFO minga-demo odoo.addons.base.models.ir_cron: Job 'Snailmail: process letters queue' (15) done in 0.000s 
2025-05-20 05:46:46,438 32664 INFO minga-demo odoo.addons.base.models.ir_cron: Job 'Snailmail: process letters queue' (15) processed 0 records, 0 records remaining 
2025-05-20 05:46:46,445 32664 INFO minga-demo odoo.addons.base.models.ir_cron: Job 'Snailmail: process letters queue' (15) completed 
2025-05-20 05:46:46,445 32664 INFO minga-demo odoo.addons.base.models.ir_cron: Job 'Mail: Email Queue Manager' (3) starting 
2025-05-20 05:46:46,445 32664 INFO minga-demo odoo.addons.base.models.ir_cron: Job 'Mail: Email Queue Manager' (3) done in 0.000s 
2025-05-20 05:46:46,445 32664 INFO minga-demo odoo.addons.base.models.ir_cron: Job 'Mail: Email Queue Manager' (3) processed 0 records, 0 records remaining 
2025-05-20 05:46:46,445 32664 INFO minga-demo odoo.addons.base.models.ir_cron: Job 'Mail: Email Queue Manager' (3) completed 
2025-05-20 05:46:46,461 32664 INFO minga-demo odoo.addons.base.models.ir_cron: Job 'Partner Autocomplete: Sync with remote DB' (13) starting 
2025-05-20 05:46:46,461 32664 INFO minga-demo odoo.addons.base.models.ir_cron: Job 'Partner Autocomplete: Sync with remote DB' (13) done in 0.000s 
2025-05-20 05:46:46,461 32664 INFO minga-demo odoo.addons.base.models.ir_cron: Job 'Partner Autocomplete: Sync with remote DB' (13) processed 0 records, 0 records remaining 
2025-05-20 05:46:46,461 32664 INFO minga-demo odoo.addons.base.models.ir_cron: Job 'Partner Autocomplete: Sync with remote DB' (13) completed 
2025-05-20 05:59:14,324 32664 INFO minga-demo odoo.sql_db: Connection to the database failed 
2025-05-20 05:59:14,409 32664 ERROR minga-demo werkzeug: Error on request:
Traceback (most recent call last):
  File "c:\workspace\odoo\addons\bus\websocket.py", line 318, in get_messages
    message = self._process_next_message()
              ^^^^^^^^^^^^^^^^^^^^^^^^^^^^
  File "c:\workspace\odoo\addons\bus\websocket.py", line 462, in _process_next_message
    frame = self._get_next_frame()
            ^^^^^^^^^^^^^^^^^^^^^^
  File "c:\workspace\odoo\addons\bus\websocket.py", line 423, in _get_next_frame
    first_byte, second_byte = recv_bytes(2)
                              ^^^^^^^^^^^^^
  File "c:\workspace\odoo\addons\bus\websocket.py", line 402, in recv_bytes
    raise ConnectionClosed()
odoo.addons.bus.websocket.ConnectionClosed

During handling of the above exception, another exception occurred:

Traceback (most recent call last):
  File "C:\workspace\odoo\venv\Lib\site-packages\werkzeug\serving.py", line 362, in run_wsgi
    execute(self.server.app)
  File "C:\workspace\odoo\venv\Lib\site-packages\werkzeug\serving.py", line 359, in execute
    application_iter.close()
  File "C:\workspace\odoo\venv\Lib\site-packages\werkzeug\wsgi.py", line 260, in close
    callback()
  File "C:\workspace\odoo\venv\Lib\site-packages\werkzeug\wrappers\response.py", line 407, in close
    func()
  File "c:\workspace\odoo\addons\bus\websocket.py", line 916, in <lambda>
    response.call_on_close(lambda: cls._serve_forever(
                                   ^^^^^^^^^^^^^^^^^^^
  File "c:\workspace\odoo\addons\bus\websocket.py", line 1030, in _serve_forever
    for message in websocket.get_messages():
                   ^^^^^^^^^^^^^^^^^^^^^^^^^
  File "c:\workspace\odoo\addons\bus\websocket.py", line 322, in get_messages
    self._handle_transport_error(exc)
  File "c:\workspace\odoo\addons\bus\websocket.py", line 632, in _handle_transport_error
    self.disconnect(code, reason)
  File "c:\workspace\odoo\addons\bus\websocket.py", line 336, in disconnect
    self._terminate()
  File "c:\workspace\odoo\addons\bus\websocket.py", line 583, in _terminate
    with acquire_cursor(self._db) as cr:
         ^^^^^^^^^^^^^^^^^^^^^^^^^^^^^^^
  File "C:\workspace\odoo\odoo\sql_db.py", line 201, in __exit__
    self.commit()
  File "C:\workspace\odoo\odoo\sql_db.py", line 485, in commit
    self.postcommit.run()
  File "C:\workspace\odoo\odoo\tools\misc.py", line 1161, in run
    func()
  File "c:\workspace\odoo\addons\bus\models\bus.py", line 151, in notify
    with odoo.sql_db.db_connect("postgres").cursor() as cr:
         ^^^^^^^^^^^^^^^^^^^^^^^^^^^^^^^^^^^^^^^^^^^^^^^^^^
  File "C:\workspace\odoo\odoo\sql_db.py", line 796, in cursor
    return Cursor(self.__pool, self.__dbname, self.__dsn)
           ^^^^^^^^^^^^^^^^^^^^^^^^^^^^^^^^^^^^^^^^^^^^^^
  File "C:\workspace\odoo\odoo\sql_db.py", line 288, in __init__
    self._cnx = pool.borrow(dsn)
                ^^^^^^^^^^^^^^^^
  File "C:\workspace\odoo\venv\Lib\site-packages\decorator.py", line 232, in fun
    return caller(func, *(extras + args), **kw)
           ^^^^^^^^^^^^^^^^^^^^^^^^^^^^^^^^^^^^
  File "C:\workspace\odoo\odoo\tools\func.py", line 97, in locked
    return func(inst, *args, **kwargs)
           ^^^^^^^^^^^^^^^^^^^^^^^^^^^
  File "C:\workspace\odoo\odoo\sql_db.py", line 723, in borrow
    result = psycopg2.connect(
             ^^^^^^^^^^^^^^^^^
  File "C:\workspace\odoo\venv\Lib\site-packages\psycopg2\__init__.py", line 122, in connect
    conn = _connect(dsn, connection_factory=connection_factory, **kwasync)
           ^^^^^^^^^^^^^^^^^^^^^^^^^^^^^^^^^^^^^^^^^^^^^^^^^^^^^^^^^^^^^^^
psycopg2.OperationalError: connection to server at "localhost" (::1), port 5432 failed: server closed the connection unexpectedly
	This probably means the server terminated abnormally
	before or while processing the request. - - -
2025-05-20 05:59:16,509 32664 INFO minga-demo werkzeug: 127.0.0.1 - - [20/May/2025 05:59:16] "GET /websocket?version=18.0-4 HTTP/1.1" 101 - 1 0.000 0.006
2025-05-20 05:59:16,860 32664 INFO minga-demo werkzeug: 127.0.0.1 - - [20/May/2025 05:59:16] "POST /bus/has_missed_notifications HTTP/1.1" 200 - 2 0.000 0.040
2025-05-20 06:00:11,948 32664 INFO minga-demo odoo.service.server: Initiating shutdown 
2025-05-20 06:00:11,948 32664 INFO minga-demo odoo.service.server: Hit CTRL-C again or send a second signal to force the shutdown. 
2025-05-20 06:00:13,042 32664 INFO minga-demo odoo.sql_db: ConnectionPool(read/write;used=0/count=0/max=64): Closed 4 connections  
